media_id,obs_date,posted_date,type,permalink,caption,reach,likes,comments,saved,shares,total_interactions,views,avg_watch_time
17918089992403548,2026-07-09,2026-07-03,CAROUSEL_ALBUM,https://www.instagram.com/p/DaVOXGpj3vm/,紹修書院 · 朝鮮王朝・1550年  宿水寺的廢墟上，豐基郡守周世鵬發現此地是高麗大儒安珦的故鄉——正是他從元朝帶回朱子學。一五四三年，周世鵬在此立祠建學，是為,5,2,0,0,0,2
18601921252052338,2026-07-09,2026-07-03,REELS,https://www.instagram.com/reel/DaVQDwpADpL/,這塊匾額，為什麼是國王親筆寫的？  紹修書院 · 朝鮮王朝・1550年  宿水寺的廢墟上，豐基郡守周世鵬發現此地是高麗大儒安珦的故鄉——正是他從元朝帶回朱子學。,118,0,0,0,0,0,139,3807
18173928976418735,2026-07-09,2026-07-05,REELS,https://www.instagram.com/reel/DaaVvg4gIPh/,這座石塔底下，竟藏著挖進海底的礦坑？  康沃爾與西德文礦業景觀 · 工業革命時期  波塔拉克的石造礦機房緊貼大西洋懸崖而立，礦道從崖底一路掘進海床之下；暴風雨的,167,0,0,0,0,0,213,5276
18173928976418735,2026-07-10,2026-07-05,REELS,https://www.instagram.com/reel/DaaVvg4gIPh/,這座石塔底下，竟藏著挖進海底的礦坑？  康沃爾與西德文礦業景觀 · 工業革命時期  波塔拉克的石造礦機房緊貼大西洋懸崖而立，礦道從崖底一路掘進海床之下；暴風雨的,167,0,0,0,0,0,213,5276
18173928976418735,2026-07-11,2026-07-05,REELS,https://www.instagram.com/reel/DaaVvg4gIPh/,這座石塔底下，竟藏著挖進海底的礦坑？  康沃爾與西德文礦業景觀 · 工業革命時期  波塔拉克的石造礦機房緊貼大西洋懸崖而立，礦道從崖底一路掘進海床之下；暴風雨的,168,0,0,0,0,0,214,5257
17977626741110521,2026-07-09,2026-07-06,CAROUSEL_ALBUM,https://www.instagram.com/p/Dac8xyJCqY-/,馬丘比丘 · 15世紀・印加帝國  帕查庫特克在海拔2430公尺的山脊建起王家莊園。石匠不用一滴砂漿，把花崗岩切得連刀刃都插不進縫，神廟窗口精準對齊冬至的日出。,4,1,0,0,0,1
17977626741110521,2026-07-10,2026-07-06,CAROUSEL_ALBUM,https://www.instagram.com/p/Dac8xyJCqY-/,馬丘比丘 · 15世紀・印加帝國  帕查庫特克在海拔2430公尺的山脊建起王家莊園。石匠不用一滴砂漿，把花崗岩切得連刀刃都插不進縫，神廟窗口精準對齊冬至的日出。,4,1,0,0,0,1
17977626741110521,2026-07-11,2026-07-06,CAROUSEL_ALBUM,https://www.instagram.com/p/Dac8xyJCqY-/,馬丘比丘 · 15世紀・印加帝國  帕查庫特克在海拔2430公尺的山脊建起王家莊園。石匠不用一滴砂漿，把花崗岩切得連刀刃都插不進縫，神廟窗口精準對齊冬至的日出。,4,1,0,0,0,1,,
17977626741110521,2026-07-12,2026-07-06,CAROUSEL_ALBUM,https://www.instagram.com/p/Dac8xyJCqY-/,馬丘比丘 · 15世紀・印加帝國  帕查庫特克在海拔2430公尺的山脊建起王家莊園。石匠不用一滴砂漿，把花崗岩切得連刀刃都插不進縫，神廟窗口精準對齊冬至的日出。,4,1,0,0,0,1,,
18126686959642648,2026-07-09,2026-07-06,REELS,https://www.instagram.com/reel/Dac93U_Djfp/,西班牙人為什麼找不到這座天空之城？  馬丘比丘 · 15世紀・印加帝國  帕查庫特克在海拔2430公尺的山脊建起王家莊園。石匠不用一滴砂漿，把花崗岩切得連刀刃都,579,10,0,0,0,10,957,17307
18126686959642648,2026-07-10,2026-07-06,REELS,https://www.instagram.com/reel/Dac93U_Djfp/,西班牙人為什麼找不到這座天空之城？  馬丘比丘 · 15世紀・印加帝國  帕查庫特克在海拔2430公尺的山脊建起王家莊園。石匠不用一滴砂漿，把花崗岩切得連刀刃都,579,10,0,0,0,10,957,17307
18126686959642648,2026-07-11,2026-07-06,REELS,https://www.instagram.com/reel/Dac93U_Djfp/,西班牙人為什麼找不到這座天空之城？  馬丘比丘 · 15世紀・印加帝國  帕查庫特克在海拔2430公尺的山脊建起王家莊園。石匠不用一滴砂漿，把花崗岩切得連刀刃都,579,10,0,0,0,10,957,17281
18126686959642648,2026-07-12,2026-07-06,REELS,https://www.instagram.com/reel/Dac93U_Djfp/,西班牙人為什麼找不到這座天空之城？  馬丘比丘 · 15世紀・印加帝國  帕查庫特克在海拔2430公尺的山脊建起王家莊園。石匠不用一滴砂漿，把花崗岩切得連刀刃都,580,10,0,0,0,10,960,17273
17875900416511404,2026-07-09,2026-07-07,CAROUSEL_ALBUM,https://www.instagram.com/p/DafhkJgjBcJ/,一二九六年，佛羅倫斯人蓋起一座大教堂，卻在屋頂留下一個四十四公尺寬的大洞——因為那時，沒有人知道該怎麼把圓頂蓋上去。  這個洞，一等就是一百多年。  直到一個脾,6,3,0,2,0,5
17875900416511404,2026-07-10,2026-07-07,CAROUSEL_ALBUM,https://www.instagram.com/p/DafhkJgjBcJ/,一二九六年，佛羅倫斯人蓋起一座大教堂，卻在屋頂留下一個四十四公尺寬的大洞——因為那時，沒有人知道該怎麼把圓頂蓋上去。  這個洞，一等就是一百多年。  直到一個脾,6,3,0,2,0,5
17875900416511404,2026-07-11,2026-07-07,CAROUSEL_ALBUM,https://www.instagram.com/p/DafhkJgjBcJ/,一二九六年，佛羅倫斯人蓋起一座大教堂，卻在屋頂留下一個四十四公尺寬的大洞——因為那時，沒有人知道該怎麼把圓頂蓋上去。  這個洞，一等就是一百多年。  直到一個脾,7,3,0,2,0,5,,
17875900416511404,2026-07-12,2026-07-07,CAROUSEL_ALBUM,https://www.instagram.com/p/DafhkJgjBcJ/,一二九六年，佛羅倫斯人蓋起一座大教堂，卻在屋頂留下一個四十四公尺寬的大洞——因為那時，沒有人知道該怎麼把圓頂蓋上去。  這個洞，一等就是一百多年。  直到一個脾,7,3,0,2,0,5,,
17875900416511404,2026-07-13,2026-07-07,CAROUSEL_ALBUM,https://www.instagram.com/p/DafhkJgjBcJ/,一二九六年，佛羅倫斯人蓋起一座大教堂，卻在屋頂留下一個四十四公尺寬的大洞——因為那時，沒有人知道該怎麼把圓頂蓋上去。  這個洞，一等就是一百多年。  直到一個脾,7,3,0,2,0,5,,
17963974236129795,2026-07-09,2026-07-07,REELS,https://www.instagram.com/reel/Dafip_9D7fg/,這座圓頂，為什麼空了一百年？  佛羅倫斯歷史中心 · 13–16世紀・文藝復興  佛羅倫斯的大教堂自一二九六年動工，卻在祭壇上方留下一個直徑四十四公尺的八角形大,513,5,0,1,0,6,759,6853
17963974236129795,2026-07-10,2026-07-07,REELS,https://www.instagram.com/reel/Dafip_9D7fg/,這座圓頂，為什麼空了一百年？  佛羅倫斯歷史中心 · 13–16世紀・文藝復興  佛羅倫斯的大教堂自一二九六年動工，卻在祭壇上方留下一個直徑四十四公尺的八角形大,513,5,0,1,0,6,759,6853
17963974236129795,2026-07-11,2026-07-07,REELS,https://www.instagram.com/reel/Dafip_9D7fg/,這座圓頂，為什麼空了一百年？  佛羅倫斯歷史中心 · 13–16世紀・文藝復興  佛羅倫斯的大教堂自一二九六年動工，卻在祭壇上方留下一個直徑四十四公尺的八角形大,513,5,0,1,0,6,759,6865
17963974236129795,2026-07-12,2026-07-07,REELS,https://www.instagram.com/reel/Dafip_9D7fg/,這座圓頂，為什麼空了一百年？  佛羅倫斯歷史中心 · 13–16世紀・文藝復興  佛羅倫斯的大教堂自一二九六年動工，卻在祭壇上方留下一個直徑四十四公尺的八角形大,515,5,0,1,0,6,761,6882
17963974236129795,2026-07-13,2026-07-07,REELS,https://www.instagram.com/reel/Dafip_9D7fg/,這座圓頂，為什麼空了一百年？  佛羅倫斯歷史中心 · 13–16世紀・文藝復興  佛羅倫斯的大教堂自一二九六年動工，卻在祭壇上方留下一個直徑四十四公尺的八角形大,515,5,0,1,0,6,763,6893
17854969881693207,2026-07-09,2026-07-08,CAROUSEL_ALBUM,https://www.instagram.com/p/DaiGb9sCkoH/,遠看像一隻正要飛走的白鷺，可七百年來，她一步也沒離開。🕊️  日本姬路城，被稱為「白鷺城」——通體雪白，屋簷微微上揚，像一隻停在山頂、隨時要振翅的鳥。  194,4,1,0,0,0,1
17854969881693207,2026-07-10,2026-07-08,CAROUSEL_ALBUM,https://www.instagram.com/p/DaiGb9sCkoH/,遠看像一隻正要飛走的白鷺，可七百年來，她一步也沒離開。🕊️  日本姬路城，被稱為「白鷺城」——通體雪白，屋簷微微上揚，像一隻停在山頂、隨時要振翅的鳥。  194,4,1,0,0,0,1
17854969881693207,2026-07-11,2026-07-08,CAROUSEL_ALBUM,https://www.instagram.com/p/DaiGb9sCkoH/,遠看像一隻正要飛走的白鷺，可七百年來，她一步也沒離開。🕊️  日本姬路城，被稱為「白鷺城」——通體雪白，屋簷微微上揚，像一隻停在山頂、隨時要振翅的鳥。  194,4,1,0,0,0,1,,
17854969881693207,2026-07-12,2026-07-08,CAROUSEL_ALBUM,https://www.instagram.com/p/DaiGb9sCkoH/,遠看像一隻正要飛走的白鷺，可七百年來，她一步也沒離開。🕊️  日本姬路城，被稱為「白鷺城」——通體雪白，屋簷微微上揚，像一隻停在山頂、隨時要振翅的鳥。  194,4,1,0,0,0,1,,
17854969881693207,2026-07-13,2026-07-08,CAROUSEL_ALBUM,https://www.instagram.com/p/DaiGb9sCkoH/,遠看像一隻正要飛走的白鷺，可七百年來，她一步也沒離開。🕊️  日本姬路城，被稱為「白鷺城」——通體雪白，屋簷微微上揚，像一隻停在山頂、隨時要振翅的鳥。  194,4,1,0,0,0,1,,
17854969881693207,2026-07-14,2026-07-08,CAROUSEL_ALBUM,https://www.instagram.com/p/DaiGb9sCkoH/,遠看像一隻正要飛走的白鷺，可七百年來，她一步也沒離開。🕊️  日本姬路城，被稱為「白鷺城」——通體雪白，屋簷微微上揚，像一隻停在山頂、隨時要振翅的鳥。  194,4,1,0,0,0,1,,
18113232020487836,2026-07-09,2026-07-08,REELS,https://www.instagram.com/reel/DaiHc2wlNSA/,這座木造城，為何七百年不倒？  姬路城 · 建於 1333 年  白鷺城通體雪白，層層屋簷微微上揚，像一隻正要振翅的白鷺——這就是姬路城名字的由來，日本現存最完,337,6,0,0,0,6,468,7244
18113232020487836,2026-07-10,2026-07-08,REELS,https://www.instagram.com/reel/DaiHc2wlNSA/,這座木造城，為何七百年不倒？  姬路城 · 建於 1333 年  白鷺城通體雪白，層層屋簷微微上揚，像一隻正要振翅的白鷺——這就是姬路城名字的由來，日本現存最完,337,6,0,0,0,6,468,7244
18113232020487836,2026-07-11,2026-07-08,REELS,https://www.instagram.com/reel/DaiHc2wlNSA/,這座木造城，為何七百年不倒？  姬路城 · 建於 1333 年  白鷺城通體雪白，層層屋簷微微上揚，像一隻正要振翅的白鷺——這就是姬路城名字的由來，日本現存最完,338,6,0,0,0,6,470,7241
18113232020487836,2026-07-12,2026-07-08,REELS,https://www.instagram.com/reel/DaiHc2wlNSA/,這座木造城，為何七百年不倒？  姬路城 · 建於 1333 年  白鷺城通體雪白，層層屋簷微微上揚，像一隻正要振翅的白鷺——這就是姬路城名字的由來，日本現存最完,340,6,0,0,0,6,475,7515
18113232020487836,2026-07-13,2026-07-08,REELS,https://www.instagram.com/reel/DaiHc2wlNSA/,這座木造城，為何七百年不倒？  姬路城 · 建於 1333 年  白鷺城通體雪白，層層屋簷微微上揚，像一隻正要振翅的白鷺——這就是姬路城名字的由來，日本現存最完,342,6,0,0,0,6,479,7545
18113232020487836,2026-07-14,2026-07-08,REELS,https://www.instagram.com/reel/DaiHc2wlNSA/,這座木造城，為何七百年不倒？  姬路城 · 建於 1333 年  白鷺城通體雪白，層層屋簷微微上揚，像一隻正要振翅的白鷺——這就是姬路城名字的由來，日本現存最完,343,6,0,0,0,6,481,7566
17992321575006422,2026-07-09,2026-07-09,CAROUSEL_ALBUM,https://www.instagram.com/p/DakrPg8CkeR/,擅自闖進這座城的人，會被當場處死。 但真正被困住的，是住在最裡面的那個人——  紫禁城的紅牆圈起了整整五百年。二十四位皇帝住在牆內，牆外的人只能想像那扇朱門後的,3,0,0,0,0,0
17992321575006422,2026-07-10,2026-07-09,CAROUSEL_ALBUM,https://www.instagram.com/p/DakrPg8CkeR/,擅自闖進這座城的人，會被當場處死。 但真正被困住的，是住在最裡面的那個人——  紫禁城的紅牆圈起了整整五百年。二十四位皇帝住在牆內，牆外的人只能想像那扇朱門後的,3,0,0,0,0,0
17992321575006422,2026-07-11,2026-07-09,CAROUSEL_ALBUM,https://www.instagram.com/p/DakrPg8CkeR/,擅自闖進這座城的人，會被當場處死。 但真正被困住的，是住在最裡面的那個人——  紫禁城的紅牆圈起了整整五百年。二十四位皇帝住在牆內，牆外的人只能想像那扇朱門後的,5,0,0,0,0,0,,
17992321575006422,2026-07-12,2026-07-09,CAROUSEL_ALBUM,https://www.instagram.com/p/DakrPg8CkeR/,擅自闖進這座城的人，會被當場處死。 但真正被困住的，是住在最裡面的那個人——  紫禁城的紅牆圈起了整整五百年。二十四位皇帝住在牆內，牆外的人只能想像那扇朱門後的,5,0,0,0,0,0,,
17992321575006422,2026-07-13,2026-07-09,CAROUSEL_ALBUM,https://www.instagram.com/p/DakrPg8CkeR/,擅自闖進這座城的人，會被當場處死。 但真正被困住的，是住在最裡面的那個人——  紫禁城的紅牆圈起了整整五百年。二十四位皇帝住在牆內，牆外的人只能想像那扇朱門後的,5,0,0,0,0,0,,
17992321575006422,2026-07-14,2026-07-09,CAROUSEL_ALBUM,https://www.instagram.com/p/DakrPg8CkeR/,擅自闖進這座城的人，會被當場處死。 但真正被困住的，是住在最裡面的那個人——  紫禁城的紅牆圈起了整整五百年。二十四位皇帝住在牆內，牆外的人只能想像那扇朱門後的,5,0,0,0,0,0,,
17992321575006422,2026-07-15,2026-07-09,CAROUSEL_ALBUM,https://www.instagram.com/p/DakrPg8CkeR/,擅自闖進這座城的人，會被當場處死。 但真正被困住的，是住在最裡面的那個人——  紫禁城的紅牆圈起了整整五百年。二十四位皇帝住在牆內，牆外的人只能想像那扇朱門後的,7,0,0,0,0,0,,
18072267218363673,2026-07-09,2026-07-09,REELS,https://www.instagram.com/reel/DaksPyXjarZ/,擅自闖進這座城的人，會被當場處死。  紫禁城 · 1406–1420（明永樂年間）  永樂皇帝在 1406 年動工，徵調百萬工匠，花十四年在北京正中蓋起這座宮殿,198,5,0,1,0,6,240,9838
18072267218363673,2026-07-10,2026-07-09,REELS,https://www.instagram.com/reel/DaksPyXjarZ/,擅自闖進這座城的人，會被當場處死。  紫禁城 · 1406–1420（明永樂年間）  永樂皇帝在 1406 年動工，徵調百萬工匠，花十四年在北京正中蓋起這座宮殿,227,5,0,2,0,7,283,18966
18072267218363673,2026-07-11,2026-07-09,REELS,https://www.instagram.com/reel/DaksPyXjarZ/,擅自闖進這座城的人，會被當場處死。  紫禁城 · 1406–1420（明永樂年間）  永樂皇帝在 1406 年動工，徵調百萬工匠，花十四年在北京正中蓋起這座宮殿,232,5,0,2,0,7,288,18833
18072267218363673,2026-07-12,2026-07-09,REELS,https://www.instagram.com/reel/DaksPyXjarZ/,擅自闖進這座城的人，會被當場處死。  紫禁城 · 1406–1420（明永樂年間）  永樂皇帝在 1406 年動工，徵調百萬工匠，花十四年在北京正中蓋起這座宮殿,233,5,0,2,0,7,289,18729
18072267218363673,2026-07-13,2026-07-09,REELS,https://www.instagram.com/reel/DaksPyXjarZ/,擅自闖進這座城的人，會被當場處死。  紫禁城 · 1406–1420（明永樂年間）  永樂皇帝在 1406 年動工，徵調百萬工匠，花十四年在北京正中蓋起這座宮殿,234,5,0,2,0,7,290,18588
18072267218363673,2026-07-14,2026-07-09,REELS,https://www.instagram.com/reel/DaksPyXjarZ/,擅自闖進這座城的人，會被當場處死。  紫禁城 · 1406–1420（明永樂年間）  永樂皇帝在 1406 年動工，徵調百萬工匠，花十四年在北京正中蓋起這座宮殿,236,6,0,2,0,8,293,18695
18072267218363673,2026-07-15,2026-07-09,REELS,https://www.instagram.com/reel/DaksPyXjarZ/,擅自闖進這座城的人，會被當場處死。  紫禁城 · 1406–1420（明永樂年間）  永樂皇帝在 1406 年動工，徵調百萬工匠，花十四年在北京正中蓋起這座宮殿,239,7,0,2,0,9,297,18509
18117962776841563,2026-07-10,2026-07-10,REELS,https://www.instagram.com/reel/DanP-KliVIz/,這座小城，以一尊佛像命名——那尊佛像，卻曾兩度離開它。  龍坡邦 · 瀾滄王國（1353 年起）  湄公河與南康河在此靜靜交會，龍坡邦這座寮國北部的山中小城，人,83,1,0,0,0,1,92,8836
18117962776841563,2026-07-11,2026-07-10,REELS,https://www.instagram.com/reel/DanP-KliVIz/,這座小城，以一尊佛像命名——那尊佛像，卻曾兩度離開它。  龍坡邦 · 瀾滄王國（1353 年起）  湄公河與南康河在此靜靜交會，龍坡邦這座寮國北部的山中小城，人,159,2,0,0,0,2,178,7898
18117962776841563,2026-07-12,2026-07-10,REELS,https://www.instagram.com/reel/DanP-KliVIz/,這座小城，以一尊佛像命名——那尊佛像，卻曾兩度離開它。  龍坡邦 · 瀾滄王國（1353 年起）  湄公河與南康河在此靜靜交會，龍坡邦這座寮國北部的山中小城，人,161,2,0,0,0,2,181,8235
18117962776841563,2026-07-13,2026-07-10,REELS,https://www.instagram.com/reel/DanP-KliVIz/,這座小城，以一尊佛像命名——那尊佛像，卻曾兩度離開它。  龍坡邦 · 瀾滄王國（1353 年起）  湄公河與南康河在此靜靜交會，龍坡邦這座寮國北部的山中小城，人,162,2,0,0,0,2,182,8159
18117962776841563,2026-07-14,2026-07-10,REELS,https://www.instagram.com/reel/DanP-KliVIz/,這座小城，以一尊佛像命名——那尊佛像，卻曾兩度離開它。  龍坡邦 · 瀾滄王國（1353 年起）  湄公河與南康河在此靜靜交會，龍坡邦這座寮國北部的山中小城，人,163,2,0,0,0,2,186,8536
18117962776841563,2026-07-15,2026-07-10,REELS,https://www.instagram.com/reel/DanP-KliVIz/,這座小城，以一尊佛像命名——那尊佛像，卻曾兩度離開它。  龍坡邦 · 瀾滄王國（1353 年起）  湄公河與南康河在此靜靜交會，龍坡邦這座寮國北部的山中小城，人,167,2,0,0,0,2,190,8410
18117962776841563,2026-07-16,2026-07-10,REELS,https://www.instagram.com/reel/DanP-KliVIz/,這座小城，以一尊佛像命名——那尊佛像，卻曾兩度離開它。  龍坡邦 · 瀾滄王國（1353 年起）  湄公河與南康河在此靜靜交會，龍坡邦這座寮國北部的山中小城，人,167,2,0,0,0,2,190,8410
18157884637474363,2026-07-10,2026-07-10,CAROUSEL_ALBUM,https://www.instagram.com/p/Dal7Frdiji7/,這座寮國小城，用一尊佛像的名字命名。  但那尊「帕邦佛」，曾兩度被鄰國暹羅奪走，又兩度被親手送回——因為他們相信，留下它，會招來厄運。  王朝遠去，金佛離開又歸,3,1,0,0,0,1
18157884637474363,2026-07-11,2026-07-10,CAROUSEL_ALBUM,https://www.instagram.com/p/Dal7Frdiji7/,這座寮國小城，用一尊佛像的名字命名。  但那尊「帕邦佛」，曾兩度被鄰國暹羅奪走，又兩度被親手送回——因為他們相信，留下它，會招來厄運。  王朝遠去，金佛離開又歸,5,1,0,0,0,1,,
18157884637474363,2026-07-12,2026-07-10,CAROUSEL_ALBUM,https://www.instagram.com/p/Dal7Frdiji7/,這座寮國小城，用一尊佛像的名字命名。  但那尊「帕邦佛」，曾兩度被鄰國暹羅奪走，又兩度被親手送回——因為他們相信，留下它，會招來厄運。  王朝遠去，金佛離開又歸,5,1,0,0,0,1,,
18157884637474363,2026-07-13,2026-07-10,CAROUSEL_ALBUM,https://www.instagram.com/p/Dal7Frdiji7/,這座寮國小城，用一尊佛像的名字命名。  但那尊「帕邦佛」，曾兩度被鄰國暹羅奪走，又兩度被親手送回——因為他們相信，留下它，會招來厄運。  王朝遠去，金佛離開又歸,5,1,0,0,0,1,,
18157884637474363,2026-07-14,2026-07-10,CAROUSEL_ALBUM,https://www.instagram.com/p/Dal7Frdiji7/,這座寮國小城，用一尊佛像的名字命名。  但那尊「帕邦佛」，曾兩度被鄰國暹羅奪走，又兩度被親手送回——因為他們相信，留下它，會招來厄運。  王朝遠去，金佛離開又歸,5,1,0,0,0,1,,
18157884637474363,2026-07-15,2026-07-10,CAROUSEL_ALBUM,https://www.instagram.com/p/Dal7Frdiji7/,這座寮國小城，用一尊佛像的名字命名。  但那尊「帕邦佛」，曾兩度被鄰國暹羅奪走，又兩度被親手送回——因為他們相信，留下它，會招來厄運。  王朝遠去，金佛離開又歸,6,1,0,0,2,3,,
18157884637474363,2026-07-16,2026-07-10,CAROUSEL_ALBUM,https://www.instagram.com/p/Dal7Frdiji7/,這座寮國小城，用一尊佛像的名字命名。  但那尊「帕邦佛」，曾兩度被鄰國暹羅奪走，又兩度被親手送回——因為他們相信，留下它，會招來厄運。  王朝遠去，金佛離開又歸,6,1,0,0,2,3,,
17936909415302474,2026-07-11,2026-07-11,CAROUSEL_ALBUM,https://www.instagram.com/p/DaogQxiky3g/,供奉女神的富士山，卻禁止女人登頂數百年。  直到一位叫高山たつ的女子，在解禁的整整四十年前，悄悄站上了那座禁忌的山頂。  有些路總得有人先走，後來的人，才走得理,5,2,0,0,0,2,,
17936909415302474,2026-07-12,2026-07-11,CAROUSEL_ALBUM,https://www.instagram.com/p/DaogQxiky3g/,供奉女神的富士山，卻禁止女人登頂數百年。  直到一位叫高山たつ的女子，在解禁的整整四十年前，悄悄站上了那座禁忌的山頂。  有些路總得有人先走，後來的人，才走得理,5,2,0,0,0,2,,
17936909415302474,2026-07-13,2026-07-11,CAROUSEL_ALBUM,https://www.instagram.com/p/DaogQxiky3g/,供奉女神的富士山，卻禁止女人登頂數百年。  直到一位叫高山たつ的女子，在解禁的整整四十年前，悄悄站上了那座禁忌的山頂。  有些路總得有人先走，後來的人，才走得理,5,2,0,0,0,2,,
17936909415302474,2026-07-14,2026-07-11,CAROUSEL_ALBUM,https://www.instagram.com/p/DaogQxiky3g/,供奉女神的富士山，卻禁止女人登頂數百年。  直到一位叫高山たつ的女子，在解禁的整整四十年前，悄悄站上了那座禁忌的山頂。  有些路總得有人先走，後來的人，才走得理,5,2,0,0,0,2,,
17936909415302474,2026-07-15,2026-07-11,CAROUSEL_ALBUM,https://www.instagram.com/p/DaogQxiky3g/,供奉女神的富士山，卻禁止女人登頂數百年。  直到一位叫高山たつ的女子，在解禁的整整四十年前，悄悄站上了那座禁忌的山頂。  有些路總得有人先走，後來的人，才走得理,6,2,0,0,0,2,,
17936909415302474,2026-07-16,2026-07-11,CAROUSEL_ALBUM,https://www.instagram.com/p/DaogQxiky3g/,供奉女神的富士山，卻禁止女人登頂數百年。  直到一位叫高山たつ的女子，在解禁的整整四十年前，悄悄站上了那座禁忌的山頂。  有些路總得有人先走，後來的人，才走得理,6,2,0,0,0,2,,
17936909415302474,2026-07-17,2026-07-11,CAROUSEL_ALBUM,https://www.instagram.com/p/DaogQxiky3g/,供奉女神的富士山，卻禁止女人登頂數百年。  直到一位叫高山たつ的女子，在解禁的整整四十年前，悄悄站上了那座禁忌的山頂。  有些路總得有人先走，後來的人，才走得理,7,2,0,0,0,2,,
18120949039754670,2026-07-11,2026-07-11,REELS,https://www.instagram.com/reel/Daq_XoKiizT/,富士山，供奉女神一千多年，卻不准女人登上山頂。  富士山 · 江戶時代  富士山，被雪覆蓋近五個月的完美圓錐，一千多年來是日本人的聖山。神話裡，山頂住著櫻花女神,89,2,0,0,0,2,104,8550
18120949039754670,2026-07-12,2026-07-11,REELS,https://www.instagram.com/reel/Daq_XoKiizT/,富士山，供奉女神一千多年，卻不准女人登上山頂。  富士山 · 江戶時代  富士山，被雪覆蓋近五個月的完美圓錐，一千多年來是日本人的聖山。神話裡，山頂住著櫻花女神,213,3,0,0,0,3,243,8391
18120949039754670,2026-07-13,2026-07-11,REELS,https://www.instagram.com/reel/Daq_XoKiizT/,富士山，供奉女神一千多年，卻不准女人登上山頂。  富士山 · 江戶時代  富士山，被雪覆蓋近五個月的完美圓錐，一千多年來是日本人的聖山。神話裡，山頂住著櫻花女神,227,5,0,0,0,5,258,8643
18120949039754670,2026-07-14,2026-07-11,REELS,https://www.instagram.com/reel/Daq_XoKiizT/,富士山，供奉女神一千多年，卻不准女人登上山頂。  富士山 · 江戶時代  富士山，被雪覆蓋近五個月的完美圓錐，一千多年來是日本人的聖山。神話裡，山頂住著櫻花女神,229,5,0,1,0,6,264,9188
18120949039754670,2026-07-15,2026-07-11,REELS,https://www.instagram.com/reel/Daq_XoKiizT/,富士山，供奉女神一千多年，卻不准女人登上山頂。  富士山 · 江戶時代  富士山，被雪覆蓋近五個月的完美圓錐，一千多年來是日本人的聖山。神話裡，山頂住著櫻花女神,233,5,0,1,0,6,268,9138
18120949039754670,2026-07-16,2026-07-11,REELS,https://www.instagram.com/reel/Daq_XoKiizT/,富士山，供奉女神一千多年，卻不准女人登上山頂。  富士山 · 江戶時代  富士山，被雪覆蓋近五個月的完美圓錐，一千多年來是日本人的聖山。神話裡，山頂住著櫻花女神,233,5,0,1,0,6,268,9138
18120949039754670,2026-07-17,2026-07-11,REELS,https://www.instagram.com/reel/Daq_XoKiizT/,富士山，供奉女神一千多年，卻不准女人登上山頂。  富士山 · 江戶時代  富士山，被雪覆蓋近五個月的完美圓錐，一千多年來是日本人的聖山。神話裡，山頂住著櫻花女神,233,5,0,1,0,6,268,9138
18000771086776066,2026-07-12,2026-07-12,CAROUSEL_ALBUM,https://www.instagram.com/p/DarMQd5iqwL/,佩特拉，富甲沙漠的玫瑰城，卻消失了七百年——直到一個瑞士青年說了一個謊。  兩千三百年前，納巴泰人在約旦沙漠的岩壁裡鑿出一座首都；水道與蓄水池讓兩萬人在荒漠安居,3,0,0,0,0,0,,
18000771086776066,2026-07-13,2026-07-12,CAROUSEL_ALBUM,https://www.instagram.com/p/DarMQd5iqwL/,佩特拉，富甲沙漠的玫瑰城，卻消失了七百年——直到一個瑞士青年說了一個謊。  兩千三百年前，納巴泰人在約旦沙漠的岩壁裡鑿出一座首都；水道與蓄水池讓兩萬人在荒漠安居,4,0,0,0,0,0,,
18000771086776066,2026-07-14,2026-07-12,CAROUSEL_ALBUM,https://www.instagram.com/p/DarMQd5iqwL/,佩特拉，富甲沙漠的玫瑰城，卻消失了七百年——直到一個瑞士青年說了一個謊。  兩千三百年前，納巴泰人在約旦沙漠的岩壁裡鑿出一座首都；水道與蓄水池讓兩萬人在荒漠安居,4,0,0,0,0,0,,
18000771086776066,2026-07-15,2026-07-12,CAROUSEL_ALBUM,https://www.instagram.com/p/DarMQd5iqwL/,佩特拉，富甲沙漠的玫瑰城，卻消失了七百年——直到一個瑞士青年說了一個謊。  兩千三百年前，納巴泰人在約旦沙漠的岩壁裡鑿出一座首都；水道與蓄水池讓兩萬人在荒漠安居,7,0,0,0,0,0,,
18000771086776066,2026-07-16,2026-07-12,CAROUSEL_ALBUM,https://www.instagram.com/p/DarMQd5iqwL/,佩特拉，富甲沙漠的玫瑰城，卻消失了七百年——直到一個瑞士青年說了一個謊。  兩千三百年前，納巴泰人在約旦沙漠的岩壁裡鑿出一座首都；水道與蓄水池讓兩萬人在荒漠安居,8,0,0,0,0,0,,
18000771086776066,2026-07-17,2026-07-12,CAROUSEL_ALBUM,https://www.instagram.com/p/DarMQd5iqwL/,佩特拉，富甲沙漠的玫瑰城，卻消失了七百年——直到一個瑞士青年說了一個謊。  兩千三百年前，納巴泰人在約旦沙漠的岩壁裡鑿出一座首都；水道與蓄水池讓兩萬人在荒漠安居,8,0,0,0,0,0,,
18000771086776066,2026-07-18,2026-07-12,CAROUSEL_ALBUM,https://www.instagram.com/p/DarMQd5iqwL/,佩特拉，富甲沙漠的玫瑰城，卻消失了七百年——直到一個瑞士青年說了一個謊。  兩千三百年前，納巴泰人在約旦沙漠的岩壁裡鑿出一座首都；水道與蓄水池讓兩萬人在荒漠安居,8,0,0,0,0,0,,
18129793348624846,2026-07-12,2026-07-12,REELS,https://www.instagram.com/reel/DasqhWQjtxg/,這座城市曾經富甲沙漠，卻憑空消失了七百年，直到一個瑞士青年，說了一個謊。  佩特拉 · 納巴泰王國時期  納巴泰人兩千三百年前在約旦沙漠定居，不砌磚牆，直接在玫,56,1,0,0,0,1,62,70322
18129793348624846,2026-07-13,2026-07-12,REELS,https://www.instagram.com/reel/DasqhWQjtxg/,這座城市曾經富甲沙漠，卻憑空消失了七百年，直到一個瑞士青年，說了一個謊。  佩特拉 · 納巴泰王國時期  納巴泰人兩千三百年前在約旦沙漠定居，不砌磚牆，直接在玫,103,3,0,0,0,3,111,39320
18129793348624846,2026-07-14,2026-07-12,REELS,https://www.instagram.com/reel/DasqhWQjtxg/,這座城市曾經富甲沙漠，卻憑空消失了七百年，直到一個瑞士青年，說了一個謊。  佩特拉 · 納巴泰王國時期  納巴泰人兩千三百年前在約旦沙漠定居，不砌磚牆，直接在玫,105,3,0,0,0,3,116,41136
18129793348624846,2026-07-15,2026-07-12,REELS,https://www.instagram.com/reel/DasqhWQjtxg/,這座城市曾經富甲沙漠，卻憑空消失了七百年，直到一個瑞士青年，說了一個謊。  佩特拉 · 納巴泰王國時期  納巴泰人兩千三百年前在約旦沙漠定居，不砌磚牆，直接在玫,108,3,0,0,0,3,119,40389
18129793348624846,2026-07-16,2026-07-12,REELS,https://www.instagram.com/reel/DasqhWQjtxg/,這座城市曾經富甲沙漠，卻憑空消失了七百年，直到一個瑞士青年，說了一個謊。  佩特拉 · 納巴泰王國時期  納巴泰人兩千三百年前在約旦沙漠定居，不砌磚牆，直接在玫,108,3,0,0,0,3,119,40389
18129793348624846,2026-07-17,2026-07-12,REELS,https://www.instagram.com/reel/DasqhWQjtxg/,這座城市曾經富甲沙漠，卻憑空消失了七百年，直到一個瑞士青年，說了一個謊。  佩特拉 · 納巴泰王國時期  納巴泰人兩千三百年前在約旦沙漠定居，不砌磚牆，直接在玫,108,3,0,0,0,3,119,40389
18129793348624846,2026-07-18,2026-07-12,REELS,https://www.instagram.com/reel/DasqhWQjtxg/,這座城市曾經富甲沙漠，卻憑空消失了七百年，直到一個瑞士青年，說了一個謊。  佩特拉 · 納巴泰王國時期  納巴泰人兩千三百年前在約旦沙漠定居，不砌磚牆，直接在玫,109,3,0,0,0,3,119,40389
18119639695869047,2026-07-13,2026-07-13,CAROUSEL_ALBUM,https://www.instagram.com/p/DatqE98isaK/,全世界最著名的建築之一，其實是一座陵墓。  1631年，皇后慕塔芝在軍營裡離世，皇帝沙賈汗用兩萬名工匠、二十二年光陰，為她建了一座「世人未曾見過的陵墓」。他晚年,2,0,0,0,0,0,,
18119639695869047,2026-07-14,2026-07-13,CAROUSEL_ALBUM,https://www.instagram.com/p/DatqE98isaK/,全世界最著名的建築之一，其實是一座陵墓。  1631年，皇后慕塔芝在軍營裡離世，皇帝沙賈汗用兩萬名工匠、二十二年光陰，為她建了一座「世人未曾見過的陵墓」。他晚年,3,0,0,0,0,0,,
18119639695869047,2026-07-15,2026-07-13,CAROUSEL_ALBUM,https://www.instagram.com/p/DatqE98isaK/,全世界最著名的建築之一，其實是一座陵墓。  1631年，皇后慕塔芝在軍營裡離世，皇帝沙賈汗用兩萬名工匠、二十二年光陰，為她建了一座「世人未曾見過的陵墓」。他晚年,5,0,0,0,0,0,,
18119639695869047,2026-07-16,2026-07-13,CAROUSEL_ALBUM,https://www.instagram.com/p/DatqE98isaK/,全世界最著名的建築之一，其實是一座陵墓。  1631年，皇后慕塔芝在軍營裡離世，皇帝沙賈汗用兩萬名工匠、二十二年光陰，為她建了一座「世人未曾見過的陵墓」。他晚年,6,0,0,0,0,0,,
18119639695869047,2026-07-17,2026-07-13,CAROUSEL_ALBUM,https://www.instagram.com/p/DatqE98isaK/,全世界最著名的建築之一，其實是一座陵墓。  1631年，皇后慕塔芝在軍營裡離世，皇帝沙賈汗用兩萬名工匠、二十二年光陰，為她建了一座「世人未曾見過的陵墓」。他晚年,6,0,0,0,0,0,,
18119639695869047,2026-07-18,2026-07-13,CAROUSEL_ALBUM,https://www.instagram.com/p/DatqE98isaK/,全世界最著名的建築之一，其實是一座陵墓。  1631年，皇后慕塔芝在軍營裡離世，皇帝沙賈汗用兩萬名工匠、二十二年光陰，為她建了一座「世人未曾見過的陵墓」。他晚年,6,0,0,0,0,0,,
18119639695869047,2026-07-19,2026-07-13,CAROUSEL_ALBUM,https://www.instagram.com/p/DatqE98isaK/,全世界最著名的建築之一，其實是一座陵墓。  1631年，皇后慕塔芝在軍營裡離世，皇帝沙賈汗用兩萬名工匠、二十二年光陰，為她建了一座「世人未曾見過的陵墓」。他晚年,6,0,0,0,0,0,,
18120359665819300,2026-07-13,2026-07-13,REELS,https://www.instagram.com/reel/Dau_zvUjDNM/,全世界最著名的建築之一，其實是一座陵墓。而下令建造它的皇帝，最後只能隔著河，遠遠望著它。  泰姬瑪哈陵 · 1632–1653年・蒙兀兒帝國  慕塔芝・瑪哈在軍,190,3,0,1,1,5,212,17787
18120359665819300,2026-07-14,2026-07-13,REELS,https://www.instagram.com/reel/Dau_zvUjDNM/,全世界最著名的建築之一，其實是一座陵墓。而下令建造它的皇帝，最後只能隔著河，遠遠望著它。  泰姬瑪哈陵 · 1632–1653年・蒙兀兒帝國  慕塔芝・瑪哈在軍,208,4,0,1,1,6,243,26863
18120359665819300,2026-07-15,2026-07-13,REELS,https://www.instagram.com/reel/Dau_zvUjDNM/,全世界最著名的建築之一，其實是一座陵墓。而下令建造它的皇帝，最後只能隔著河，遠遠望著它。  泰姬瑪哈陵 · 1632–1653年・蒙兀兒帝國  慕塔芝・瑪哈在軍,213,4,0,1,1,6,249,26612
18120359665819300,2026-07-16,2026-07-13,REELS,https://www.instagram.com/reel/Dau_zvUjDNM/,全世界最著名的建築之一，其實是一座陵墓。而下令建造它的皇帝，最後只能隔著河，遠遠望著它。  泰姬瑪哈陵 · 1632–1653年・蒙兀兒帝國  慕塔芝・瑪哈在軍,213,4,0,1,1,6,249,26612
18120359665819300,2026-07-17,2026-07-13,REELS,https://www.instagram.com/reel/Dau_zvUjDNM/,全世界最著名的建築之一，其實是一座陵墓。而下令建造它的皇帝，最後只能隔著河，遠遠望著它。  泰姬瑪哈陵 · 1632–1653年・蒙兀兒帝國  慕塔芝・瑪哈在軍,213,4,0,1,1,6,249,26612
18120359665819300,2026-07-18,2026-07-13,REELS,https://www.instagram.com/reel/Dau_zvUjDNM/,全世界最著名的建築之一，其實是一座陵墓。而下令建造它的皇帝，最後只能隔著河，遠遠望著它。  泰姬瑪哈陵 · 1632–1653年・蒙兀兒帝國  慕塔芝・瑪哈在軍,213,4,0,1,1,6,249,26612
18120359665819300,2026-07-19,2026-07-13,REELS,https://www.instagram.com/reel/Dau_zvUjDNM/,全世界最著名的建築之一，其實是一座陵墓。而下令建造它的皇帝，最後只能隔著河，遠遠望著它。  泰姬瑪哈陵 · 1632–1653年・蒙兀兒帝國  慕塔芝・瑪哈在軍,214,4,0,1,1,6,250,26414
18004646804959125,2026-07-14,2026-07-14,CAROUSEL_ALBUM,https://www.instagram.com/p/DawJ7TYiuJp/,布拉格舊城廣場上的天文鐘走了六百年，但傳說中造鐘的人，最後被挖去了雙眼——只為了讓世上再無第二座這樣的鐘。  六百年後整點響起，死神拉鈴、使徒列隊，滿場的人仍不,3,0,0,0,0,0,,
18004646804959125,2026-07-15,2026-07-14,CAROUSEL_ALBUM,https://www.instagram.com/p/DawJ7TYiuJp/,布拉格舊城廣場上的天文鐘走了六百年，但傳說中造鐘的人，最後被挖去了雙眼——只為了讓世上再無第二座這樣的鐘。  六百年後整點響起，死神拉鈴、使徒列隊，滿場的人仍不,7,0,0,0,0,0,,
18004646804959125,2026-07-16,2026-07-14,CAROUSEL_ALBUM,https://www.instagram.com/p/DawJ7TYiuJp/,布拉格舊城廣場上的天文鐘走了六百年，但傳說中造鐘的人，最後被挖去了雙眼——只為了讓世上再無第二座這樣的鐘。  六百年後整點響起，死神拉鈴、使徒列隊，滿場的人仍不,10,0,0,0,0,0,,
18004646804959125,2026-07-17,2026-07-14,CAROUSEL_ALBUM,https://www.instagram.com/p/DawJ7TYiuJp/,布拉格舊城廣場上的天文鐘走了六百年，但傳說中造鐘的人，最後被挖去了雙眼——只為了讓世上再無第二座這樣的鐘。  六百年後整點響起，死神拉鈴、使徒列隊，滿場的人仍不,12,0,0,0,0,0,,
18004646804959125,2026-07-18,2026-07-14,CAROUSEL_ALBUM,https://www.instagram.com/p/DawJ7TYiuJp/,布拉格舊城廣場上的天文鐘走了六百年，但傳說中造鐘的人，最後被挖去了雙眼——只為了讓世上再無第二座這樣的鐘。  六百年後整點響起，死神拉鈴、使徒列隊，滿場的人仍不,12,0,0,0,0,0,,
18004646804959125,2026-07-19,2026-07-14,CAROUSEL_ALBUM,https://www.instagram.com/p/DawJ7TYiuJp/,布拉格舊城廣場上的天文鐘走了六百年，但傳說中造鐘的人，最後被挖去了雙眼——只為了讓世上再無第二座這樣的鐘。  六百年後整點響起，死神拉鈴、使徒列隊，滿場的人仍不,12,0,0,0,0,0,,
18004646804959125,2026-07-20,2026-07-14,CAROUSEL_ALBUM,https://www.instagram.com/p/DawJ7TYiuJp/,布拉格舊城廣場上的天文鐘走了六百年，但傳說中造鐘的人，最後被挖去了雙眼——只為了讓世上再無第二座這樣的鐘。  六百年後整點響起，死神拉鈴、使徒列隊，滿場的人仍不,12,0,0,0,0,0,,
18111441236300008,2026-07-14,2026-07-14,REELS,https://www.instagram.com/reel/DaxcPxAlGGV/,布拉格舊城廣場上這座天文鐘走了六百年，但傳說中造鐘的人，最後被挖去了雙眼——只為了讓世上再無第二座這樣的鐘。  布拉格舊城 · 中世紀（九世紀起）／天文鐘 14,1553,19,0,7,7,33,1900,14898
18111441236300008,2026-07-15,2026-07-14,REELS,https://www.instagram.com/reel/DaxcPxAlGGV/,布拉格舊城廣場上這座天文鐘走了六百年，但傳說中造鐘的人，最後被挖去了雙眼——只為了讓世上再無第二座這樣的鐘。  布拉格舊城 · 中世紀（九世紀起）／天文鐘 14,2287,31,0,7,15,53,2733,14820
18111441236300008,2026-07-16,2026-07-14,REELS,https://www.instagram.com/reel/DaxcPxAlGGV/,布拉格舊城廣場上這座天文鐘走了六百年，但傳說中造鐘的人，最後被挖去了雙眼——只為了讓世上再無第二座這樣的鐘。  布拉格舊城 · 中世紀（九世紀起）／天文鐘 14,2342,32,0,8,17,57,2791,14965
18111441236300008,2026-07-17,2026-07-14,REELS,https://www.instagram.com/reel/DaxcPxAlGGV/,布拉格舊城廣場上這座天文鐘走了六百年，但傳說中造鐘的人，最後被挖去了雙眼——只為了讓世上再無第二座這樣的鐘。  布拉格舊城 · 中世紀（九世紀起）／天文鐘 14,2344,32,0,8,17,57,2792,14964
18111441236300008,2026-07-18,2026-07-14,REELS,https://www.instagram.com/reel/DaxcPxAlGGV/,布拉格舊城廣場上這座天文鐘走了六百年，但傳說中造鐘的人，最後被挖去了雙眼——只為了讓世上再無第二座這樣的鐘。  布拉格舊城 · 中世紀（九世紀起）／天文鐘 14,2345,32,0,8,17,57,2793,14958
18111441236300008,2026-07-19,2026-07-14,REELS,https://www.instagram.com/reel/DaxcPxAlGGV/,布拉格舊城廣場上這座天文鐘走了六百年，但傳說中造鐘的人，最後被挖去了雙眼——只為了讓世上再無第二座這樣的鐘。  布拉格舊城 · 中世紀（九世紀起）／天文鐘 14,2349,32,0,8,17,57,2797,14978
18111441236300008,2026-07-20,2026-07-14,REELS,https://www.instagram.com/reel/DaxcPxAlGGV/,布拉格舊城廣場上這座天文鐘走了六百年，但傳說中造鐘的人，最後被挖去了雙眼——只為了讓世上再無第二座這樣的鐘。  布拉格舊城 · 中世紀（九世紀起）／天文鐘 14,2349,32,0,8,17,57,2797,14973
17926236306379575,2026-07-15,2026-07-15,REELS,https://www.instagram.com/reel/Da0BCttGLn-/,這種屋頂，一戶人家永遠蓋不起來。  白川鄉合掌村 · 十七世紀～現代  庄川河谷的雪能積到一層樓高，於是屋頂被築成陡峭的三角。兩面斜坡像合十的手掌，雪一落就滑走,604,8,0,0,1,9,723,11268
17926236306379575,2026-07-16,2026-07-15,REELS,https://www.instagram.com/reel/Da0BCttGLn-/,這種屋頂，一戶人家永遠蓋不起來。  白川鄉合掌村 · 十七世紀～現代  庄川河谷的雪能積到一層樓高，於是屋頂被築成陡峭的三角。兩面斜坡像合十的手掌，雪一落就滑走,696,9,0,0,1,10,820,11393
17926236306379575,2026-07-17,2026-07-15,REELS,https://www.instagram.com/reel/Da0BCttGLn-/,這種屋頂，一戶人家永遠蓋不起來。  白川鄉合掌村 · 十七世紀～現代  庄川河谷的雪能積到一層樓高，於是屋頂被築成陡峭的三角。兩面斜坡像合十的手掌，雪一落就滑走,713,9,0,0,1,10,837,11374
17926236306379575,2026-07-18,2026-07-15,REELS,https://www.instagram.com/reel/Da0BCttGLn-/,這種屋頂，一戶人家永遠蓋不起來。  白川鄉合掌村 · 十七世紀～現代  庄川河谷的雪能積到一層樓高，於是屋頂被築成陡峭的三角。兩面斜坡像合十的手掌，雪一落就滑走,713,9,0,0,1,10,837,11374
17926236306379575,2026-07-19,2026-07-15,REELS,https://www.instagram.com/reel/Da0BCttGLn-/,這種屋頂，一戶人家永遠蓋不起來。  白川鄉合掌村 · 十七世紀～現代  庄川河谷的雪能積到一層樓高，於是屋頂被築成陡峭的三角。兩面斜坡像合十的手掌，雪一落就滑走,714,9,0,0,1,10,838,11379
17926236306379575,2026-07-20,2026-07-15,REELS,https://www.instagram.com/reel/Da0BCttGLn-/,這種屋頂，一戶人家永遠蓋不起來。  白川鄉合掌村 · 十七世紀～現代  庄川河谷的雪能積到一層樓高，於是屋頂被築成陡峭的三角。兩面斜坡像合十的手掌，雪一落就滑走,714,9,0,0,1,10,838,11379
17926236306379575,2026-07-21,2026-07-15,REELS,https://www.instagram.com/reel/Da0BCttGLn-/,這種屋頂，一戶人家永遠蓋不起來。  白川鄉合掌村 · 十七世紀～現代  庄川河谷的雪能積到一層樓高，於是屋頂被築成陡峭的三角。兩面斜坡像合十的手掌，雪一落就滑走,715,9,0,0,1,10,839,11365
18094131698576035,2026-07-16,2026-07-16,REELS,https://www.instagram.com/reel/Da2oX-Gj0Ch/,一個被貶到底的官員，蓋出了中國最美的園林。  蘇州古典園林 · 北宋至清（11–19 世紀）  蘇州的高牆後面，藏著明清文人親手疊出的小天地。鼎盛時近兩百座私家,242,3,0,0,0,3,281,8340
18094131698576035,2026-07-17,2026-07-16,REELS,https://www.instagram.com/reel/Da2oX-Gj0Ch/,一個被貶到底的官員，蓋出了中國最美的園林。  蘇州古典園林 · 北宋至清（11–19 世紀）  蘇州的高牆後面，藏著明清文人親手疊出的小天地。鼎盛時近兩百座私家,792,10,0,3,1,14,996,13143
18094131698576035,2026-07-18,2026-07-16,REELS,https://www.instagram.com/reel/Da2oX-Gj0Ch/,一個被貶到底的官員，蓋出了中國最美的園林。  蘇州古典園林 · 北宋至清（11–19 世紀）  蘇州的高牆後面，藏著明清文人親手疊出的小天地。鼎盛時近兩百座私家,863,10,0,4,1,15,1073,13176
18094131698576035,2026-07-19,2026-07-16,REELS,https://www.instagram.com/reel/Da2oX-Gj0Ch/,一個被貶到底的官員，蓋出了中國最美的園林。  蘇州古典園林 · 北宋至清（11–19 世紀）  蘇州的高牆後面，藏著明清文人親手疊出的小天地。鼎盛時近兩百座私家,863,10,0,4,1,15,1074,13194
18094131698576035,2026-07-20,2026-07-16,REELS,https://www.instagram.com/reel/Da2oX-Gj0Ch/,一個被貶到底的官員，蓋出了中國最美的園林。  蘇州古典園林 · 北宋至清（11–19 世紀）  蘇州的高牆後面，藏著明清文人親手疊出的小天地。鼎盛時近兩百座私家,863,10,0,4,1,15,1074,13194
18094131698576035,2026-07-21,2026-07-16,REELS,https://www.instagram.com/reel/Da2oX-Gj0Ch/,一個被貶到底的官員，蓋出了中國最美的園林。  蘇州古典園林 · 北宋至清（11–19 世紀）  蘇州的高牆後面，藏著明清文人親手疊出的小天地。鼎盛時近兩百座私家,866,10,0,4,1,15,1077,13156
18094131698576035,2026-07-22,2026-07-16,REELS,https://www.instagram.com/reel/Da2oX-Gj0Ch/,一個被貶到底的官員，蓋出了中國最美的園林。  蘇州古典園林 · 北宋至清（11–19 世紀）  蘇州的高牆後面，藏著明清文人親手疊出的小天地。鼎盛時近兩百座私家,866,10,0,4,1,15,1077,13156
17979215781024145,2026-07-17,2026-07-17,REELS,https://www.instagram.com/reel/Da3814GjAtf/,這座城的名字叫「幸福的黎明」，卻沉睡了兩百年。  素可泰古城 · 13–14 世紀  素可泰意為「幸福的黎明」。十三世紀中葉，泰人首領起事擺脫高棉帝國統治，在此,184,1,0,0,0,1,212,5823
17979215781024145,2026-07-18,2026-07-17,REELS,https://www.instagram.com/reel/Da3814GjAtf/,這座城的名字叫「幸福的黎明」，卻沉睡了兩百年。  素可泰古城 · 13–14 世紀  素可泰意為「幸福的黎明」。十三世紀中葉，泰人首領起事擺脫高棉帝國統治，在此,194,1,0,0,0,1,224,6133
17979215781024145,2026-07-19,2026-07-17,REELS,https://www.instagram.com/reel/Da3814GjAtf/,這座城的名字叫「幸福的黎明」，卻沉睡了兩百年。  素可泰古城 · 13–14 世紀  素可泰意為「幸福的黎明」。十三世紀中葉，泰人首領起事擺脫高棉帝國統治，在此,196,1,0,0,0,1,226,6113
17979215781024145,2026-07-20,2026-07-17,REELS,https://www.instagram.com/reel/Da3814GjAtf/,這座城的名字叫「幸福的黎明」，卻沉睡了兩百年。  素可泰古城 · 13–14 世紀  素可泰意為「幸福的黎明」。十三世紀中葉，泰人首領起事擺脫高棉帝國統治，在此,196,1,0,0,0,1,226,6113
17979215781024145,2026-07-21,2026-07-17,REELS,https://www.instagram.com/reel/Da3814GjAtf/,這座城的名字叫「幸福的黎明」，卻沉睡了兩百年。  素可泰古城 · 13–14 世紀  素可泰意為「幸福的黎明」。十三世紀中葉，泰人首領起事擺脫高棉帝國統治，在此,199,1,0,0,0,1,232,6818
17979215781024145,2026-07-22,2026-07-17,REELS,https://www.instagram.com/reel/Da3814GjAtf/,這座城的名字叫「幸福的黎明」，卻沉睡了兩百年。  素可泰古城 · 13–14 世紀  素可泰意為「幸福的黎明」。十三世紀中葉，泰人首領起事擺脫高棉帝國統治，在此,201,1,0,0,0,1,234,6791
17979215781024145,2026-07-23,2026-07-17,REELS,https://www.instagram.com/reel/Da3814GjAtf/,這座城的名字叫「幸福的黎明」，卻沉睡了兩百年。  素可泰古城 · 13–14 世紀  素可泰意為「幸福的黎明」。十三世紀中葉，泰人首領起事擺脫高棉帝國統治，在此,202,1,0,0,0,1,235,6776
17922990411384798,2026-07-18,2026-07-18,CAROUSEL_ALBUM,https://www.instagram.com/p/Da6g8hyChkt/,他親手結束了延續近千年的王朝，卻因此保住了整座城市。  慶州，新羅王朝九百九十二年的都城。西元935年，最後的國王敬順王不願再讓百姓流血，把國土讓給高麗，太子披,6,1,0,0,0,1,,
17922990411384798,2026-07-19,2026-07-18,CAROUSEL_ALBUM,https://www.instagram.com/p/Da6g8hyChkt/,他親手結束了延續近千年的王朝，卻因此保住了整座城市。  慶州，新羅王朝九百九十二年的都城。西元935年，最後的國王敬順王不願再讓百姓流血，把國土讓給高麗，太子披,6,1,0,0,0,1,,
17922990411384798,2026-07-20,2026-07-18,CAROUSEL_ALBUM,https://www.instagram.com/p/Da6g8hyChkt/,他親手結束了延續近千年的王朝，卻因此保住了整座城市。  慶州，新羅王朝九百九十二年的都城。西元935年，最後的國王敬順王不願再讓百姓流血，把國土讓給高麗，太子披,6,1,0,0,0,1,,
17922990411384798,2026-07-21,2026-07-18,CAROUSEL_ALBUM,https://www.instagram.com/p/Da6g8hyChkt/,他親手結束了延續近千年的王朝，卻因此保住了整座城市。  慶州，新羅王朝九百九十二年的都城。西元935年，最後的國王敬順王不願再讓百姓流血，把國土讓給高麗，太子披,6,1,0,0,0,1,,
17922990411384798,2026-07-22,2026-07-18,CAROUSEL_ALBUM,https://www.instagram.com/p/Da6g8hyChkt/,他親手結束了延續近千年的王朝，卻因此保住了整座城市。  慶州，新羅王朝九百九十二年的都城。西元935年，最後的國王敬順王不願再讓百姓流血，把國土讓給高麗，太子披,7,1,0,0,0,1,,
17922990411384798,2026-07-23,2026-07-18,CAROUSEL_ALBUM,https://www.instagram.com/p/Da6g8hyChkt/,他親手結束了延續近千年的王朝，卻因此保住了整座城市。  慶州，新羅王朝九百九十二年的都城。西元935年，最後的國王敬順王不願再讓百姓流血，把國土讓給高麗，太子披,7,1,0,0,0,1,,
17922990411384798,2026-07-24,2026-07-18,CAROUSEL_ALBUM,https://www.instagram.com/p/Da6g8hyChkt/,他親手結束了延續近千年的王朝，卻因此保住了整座城市。  慶州，新羅王朝九百九十二年的都城。西元935年，最後的國王敬順王不願再讓百姓流血，把國土讓給高麗，太子披,9,1,0,0,0,1,,
18161100985461070,2026-07-18,2026-07-18,REELS,https://www.instagram.com/reel/Da7vbEklBmO/,他親手終結了千年王朝，卻保住了整座城市。  慶州歷史區 · 新羅王朝（前57–935）  新羅王朝以慶州為都整整992年，從西元前57年到935年，把王陵、石塔,319,4,0,1,0,5,377,9551
18161100985461070,2026-07-19,2026-07-18,REELS,https://www.instagram.com/reel/Da7vbEklBmO/,他親手終結了千年王朝，卻保住了整座城市。  慶州歷史區 · 新羅王朝（前57–935）  新羅王朝以慶州為都整整992年，從西元前57年到935年，把王陵、石塔,621,6,0,3,0,9,707,9857
18161100985461070,2026-07-20,2026-07-18,REELS,https://www.instagram.com/reel/Da7vbEklBmO/,他親手終結了千年王朝，卻保住了整座城市。  慶州歷史區 · 新羅王朝（前57–935）  新羅王朝以慶州為都整整992年，從西元前57年到935年，把王陵、石塔,623,7,0,3,0,10,709,9869
18161100985461070,2026-07-21,2026-07-18,REELS,https://www.instagram.com/reel/Da7vbEklBmO/,他親手終結了千年王朝，卻保住了整座城市。  慶州歷史區 · 新羅王朝（前57–935）  新羅王朝以慶州為都整整992年，從西元前57年到935年，把王陵、石塔,627,7,0,3,0,10,715,10005
18161100985461070,2026-07-22,2026-07-18,REELS,https://www.instagram.com/reel/Da7vbEklBmO/,他親手終結了千年王朝，卻保住了整座城市。  慶州歷史區 · 新羅王朝（前57–935）  新羅王朝以慶州為都整整992年，從西元前57年到935年，把王陵、石塔,628,7,0,3,0,10,716,10036
18161100985461070,2026-07-23,2026-07-18,REELS,https://www.instagram.com/reel/Da7vbEklBmO/,他親手終結了千年王朝，卻保住了整座城市。  慶州歷史區 · 新羅王朝（前57–935）  新羅王朝以慶州為都整整992年，從西元前57年到935年，把王陵、石塔,630,7,0,3,0,10,717,10022
18161100985461070,2026-07-24,2026-07-18,REELS,https://www.instagram.com/reel/Da7vbEklBmO/,他親手終結了千年王朝，卻保住了整座城市。  慶州歷史區 · 新羅王朝（前57–935）  新羅王朝以慶州為都整整992年，從西元前57年到935年，把王陵、石塔,634,7,0,3,0,10,721,10033
18085989914553597,2026-07-19,2026-07-19,REELS,https://www.instagram.com/reel/Da9DCPyjRxm/,這座教堂蓋了 144 年，今年終於封頂——而設計它的人，一百年前就走了。  聖家堂 · 1882 年－2026 年  高第 31 歲接手聖家堂，把哥德式骨架換成,937,12,0,1,3,16,1077,11270
18085989914553597,2026-07-20,2026-07-19,REELS,https://www.instagram.com/reel/Da9DCPyjRxm/,這座教堂蓋了 144 年，今年終於封頂——而設計它的人，一百年前就走了。  聖家堂 · 1882 年－2026 年  高第 31 歲接手聖家堂，把哥德式骨架換成,1031,16,0,2,4,22,1195,11197
18085989914553597,2026-07-21,2026-07-19,REELS,https://www.instagram.com/reel/Da9DCPyjRxm/,這座教堂蓋了 144 年，今年終於封頂——而設計它的人，一百年前就走了。  聖家堂 · 1882 年－2026 年  高第 31 歲接手聖家堂，把哥德式骨架換成,1036,16,0,2,4,22,1205,11282
18085989914553597,2026-07-22,2026-07-19,REELS,https://www.instagram.com/reel/Da9DCPyjRxm/,這座教堂蓋了 144 年，今年終於封頂——而設計它的人，一百年前就走了。  聖家堂 · 1882 年－2026 年  高第 31 歲接手聖家堂，把哥德式骨架換成,1039,16,0,2,4,22,1207,11267
18085989914553597,2026-07-23,2026-07-19,REELS,https://www.instagram.com/reel/Da9DCPyjRxm/,這座教堂蓋了 144 年，今年終於封頂——而設計它的人，一百年前就走了。  聖家堂 · 1882 年－2026 年  高第 31 歲接手聖家堂，把哥德式骨架換成,1041,16,0,2,4,22,1213,11268
18085989914553597,2026-07-24,2026-07-19,REELS,https://www.instagram.com/reel/Da9DCPyjRxm/,這座教堂蓋了 144 年，今年終於封頂——而設計它的人，一百年前就走了。  聖家堂 · 1882 年－2026 年  高第 31 歲接手聖家堂，把哥德式骨架換成,1044,17,0,2,4,23,1218,11296
18085989914553597,2026-07-25,2026-07-19,REELS,https://www.instagram.com/reel/Da9DCPyjRxm/,這座教堂蓋了 144 年，今年終於封頂——而設計它的人，一百年前就走了。  聖家堂 · 1882 年－2026 年  高第 31 歲接手聖家堂，把哥德式骨架換成,1044,17,0,2,4,23,1218,11296
18136824583585849,2026-07-20,2026-07-20,REELS,https://www.instagram.com/reel/DbA5AxsjtRY/,蓋起金字塔的，不是奴隸──那他們是誰？  吉薩金字塔群 · 古王國第四王朝（約前2600–前2500）  胡夫大金字塔以550萬噸石灰岩砌成146公尺，自完工起,206,2,0,0,0,2,240,8236
18136824583585849,2026-07-21,2026-07-20,REELS,https://www.instagram.com/reel/DbA5AxsjtRY/,蓋起金字塔的，不是奴隸──那他們是誰？  吉薩金字塔群 · 古王國第四王朝（約前2600–前2500）  胡夫大金字塔以550萬噸石灰岩砌成146公尺，自完工起,396,7,0,0,0,7,445,9813
18136824583585849,2026-07-22,2026-07-20,REELS,https://www.instagram.com/reel/DbA5AxsjtRY/,蓋起金字塔的，不是奴隸──那他們是誰？  吉薩金字塔群 · 古王國第四王朝（約前2600–前2500）  胡夫大金字塔以550萬噸石灰岩砌成146公尺，自完工起,401,7,0,0,0,7,450,9865
18136824583585849,2026-07-23,2026-07-20,REELS,https://www.instagram.com/reel/DbA5AxsjtRY/,蓋起金字塔的，不是奴隸──那他們是誰？  吉薩金字塔群 · 古王國第四王朝（約前2600–前2500）  胡夫大金字塔以550萬噸石灰岩砌成146公尺，自完工起,404,7,0,0,0,7,455,9898
18136824583585849,2026-07-24,2026-07-20,REELS,https://www.instagram.com/reel/DbA5AxsjtRY/,蓋起金字塔的，不是奴隸──那他們是誰？  吉薩金字塔群 · 古王國第四王朝（約前2600–前2500）  胡夫大金字塔以550萬噸石灰岩砌成146公尺，自完工起,408,7,0,0,0,7,458,9940
18136824583585849,2026-07-25,2026-07-20,REELS,https://www.instagram.com/reel/DbA5AxsjtRY/,蓋起金字塔的，不是奴隸──那他們是誰？  吉薩金字塔群 · 古王國第四王朝（約前2600–前2500）  胡夫大金字塔以550萬噸石灰岩砌成146公尺，自完工起,408,7,0,0,0,7,458,9940
18136824583585849,2026-07-26,2026-07-20,REELS,https://www.instagram.com/reel/DbA5AxsjtRY/,蓋起金字塔的，不是奴隸──那他們是誰？  吉薩金字塔群 · 古王國第四王朝（約前2600–前2500）  胡夫大金字塔以550萬噸石灰岩砌成146公尺，自完工起,409,7,0,0,0,7,462,10175
18143037829551838,2026-07-20,2026-07-20,CAROUSEL_ALBUM,https://www.instagram.com/p/DbArpwpFwMD/,將近四千年裡，它一直是全世界最高的建築──但蓋起它的，不是你以為的那群人。  考古學家在金字塔旁挖出了建造者的村落：麵包坊、啤酒坊、醫療所。皮鞭下的奴隸從來不存,4,0,0,0,0,0,,
18143037829551838,2026-07-21,2026-07-20,CAROUSEL_ALBUM,https://www.instagram.com/p/DbArpwpFwMD/,將近四千年裡，它一直是全世界最高的建築──但蓋起它的，不是你以為的那群人。  考古學家在金字塔旁挖出了建造者的村落：麵包坊、啤酒坊、醫療所。皮鞭下的奴隸從來不存,10,0,0,1,0,1,,
18143037829551838,2026-07-22,2026-07-20,CAROUSEL_ALBUM,https://www.instagram.com/p/DbArpwpFwMD/,將近四千年裡，它一直是全世界最高的建築──但蓋起它的，不是你以為的那群人。  考古學家在金字塔旁挖出了建造者的村落：麵包坊、啤酒坊、醫療所。皮鞭下的奴隸從來不存,15,1,0,1,0,2,,
18143037829551838,2026-07-23,2026-07-20,CAROUSEL_ALBUM,https://www.instagram.com/p/DbArpwpFwMD/,將近四千年裡，它一直是全世界最高的建築──但蓋起它的，不是你以為的那群人。  考古學家在金字塔旁挖出了建造者的村落：麵包坊、啤酒坊、醫療所。皮鞭下的奴隸從來不存,18,1,0,1,0,2,,
18143037829551838,2026-07-24,2026-07-20,CAROUSEL_ALBUM,https://www.instagram.com/p/DbArpwpFwMD/,將近四千年裡，它一直是全世界最高的建築──但蓋起它的，不是你以為的那群人。  考古學家在金字塔旁挖出了建造者的村落：麵包坊、啤酒坊、醫療所。皮鞭下的奴隸從來不存,20,1,0,1,0,2,,
18143037829551838,2026-07-25,2026-07-20,CAROUSEL_ALBUM,https://www.instagram.com/p/DbArpwpFwMD/,將近四千年裡，它一直是全世界最高的建築──但蓋起它的，不是你以為的那群人。  考古學家在金字塔旁挖出了建造者的村落：麵包坊、啤酒坊、醫療所。皮鞭下的奴隸從來不存,20,1,0,1,0,2,,
18143037829551838,2026-07-26,2026-07-20,CAROUSEL_ALBUM,https://www.instagram.com/p/DbArpwpFwMD/,將近四千年裡，它一直是全世界最高的建築──但蓋起它的，不是你以為的那群人。  考古學家在金字塔旁挖出了建造者的村落：麵包坊、啤酒坊、醫療所。皮鞭下的奴隸從來不存,21,1,0,1,0,2,,
18005646995761085,2026-07-21,2026-07-21,CAROUSEL_ALBUM,https://www.instagram.com/p/DbEvHesCkXy/,夾在日本與中國兩個帝國之間，琉球王國把地理的邊陲活成了通商的十字路口。  它有自己的語言、自己的信仰——最高的祭司甚至是一位女性，連國王也不得踏入她主持的聖域。,0,0,0,0,0,0,,
18005646995761085,2026-07-22,2026-07-21,CAROUSEL_ALBUM,https://www.instagram.com/p/DbEvHesCkXy/,夾在日本與中國兩個帝國之間，琉球王國把地理的邊陲活成了通商的十字路口。  它有自己的語言、自己的信仰——最高的祭司甚至是一位女性，連國王也不得踏入她主持的聖域。,2,0,0,0,0,0,,
18005646995761085,2026-07-23,2026-07-21,CAROUSEL_ALBUM,https://www.instagram.com/p/DbEvHesCkXy/,夾在日本與中國兩個帝國之間，琉球王國把地理的邊陲活成了通商的十字路口。  它有自己的語言、自己的信仰——最高的祭司甚至是一位女性，連國王也不得踏入她主持的聖域。,5,0,0,0,0,0,,
18005646995761085,2026-07-24,2026-07-21,CAROUSEL_ALBUM,https://www.instagram.com/p/DbEvHesCkXy/,夾在日本與中國兩個帝國之間，琉球王國把地理的邊陲活成了通商的十字路口。  它有自己的語言、自己的信仰——最高的祭司甚至是一位女性，連國王也不得踏入她主持的聖域。,7,0,0,0,0,0,,
18005646995761085,2026-07-25,2026-07-21,CAROUSEL_ALBUM,https://www.instagram.com/p/DbEvHesCkXy/,夾在日本與中國兩個帝國之間，琉球王國把地理的邊陲活成了通商的十字路口。  它有自己的語言、自己的信仰——最高的祭司甚至是一位女性，連國王也不得踏入她主持的聖域。,8,1,0,0,0,1,,
18005646995761085,2026-07-26,2026-07-21,CAROUSEL_ALBUM,https://www.instagram.com/p/DbEvHesCkXy/,夾在日本與中國兩個帝國之間，琉球王國把地理的邊陲活成了通商的十字路口。  它有自己的語言、自己的信仰——最高的祭司甚至是一位女性，連國王也不得踏入她主持的聖域。,8,1,0,0,0,1,,
18005646995761085,2026-07-27,2026-07-21,CAROUSEL_ALBUM,https://www.instagram.com/p/DbEvHesCkXy/,夾在日本與中國兩個帝國之間，琉球王國把地理的邊陲活成了通商的十字路口。  它有自己的語言、自己的信仰——最高的祭司甚至是一位女性，連國王也不得踏入她主持的聖域。,8,1,0,0,0,1,,
18110158666785356,2026-07-21,2026-07-21,CAROUSEL_ALBUM,https://www.instagram.com/p/DbCRGQsis_j/,他把整座城改建成心中的羅馬，最後卻被關進自己城裡的要塞。  薩爾斯堡的名字意思是「鹽的城堡」。山裡挖出的鹽沿著薩爾察河北運，養出一個由主教兼領主統治的城邦。15,4,0,0,0,0,0,,
18110158666785356,2026-07-22,2026-07-21,CAROUSEL_ALBUM,https://www.instagram.com/p/DbCRGQsis_j/,他把整座城改建成心中的羅馬，最後卻被關進自己城裡的要塞。  薩爾斯堡的名字意思是「鹽的城堡」。山裡挖出的鹽沿著薩爾察河北運，養出一個由主教兼領主統治的城邦。15,8,2,0,0,0,2,,
18110158666785356,2026-07-23,2026-07-21,CAROUSEL_ALBUM,https://www.instagram.com/p/DbCRGQsis_j/,他把整座城改建成心中的羅馬，最後卻被關進自己城裡的要塞。  薩爾斯堡的名字意思是「鹽的城堡」。山裡挖出的鹽沿著薩爾察河北運，養出一個由主教兼領主統治的城邦。15,10,2,0,0,0,2,,
18110158666785356,2026-07-24,2026-07-21,CAROUSEL_ALBUM,https://www.instagram.com/p/DbCRGQsis_j/,他把整座城改建成心中的羅馬，最後卻被關進自己城裡的要塞。  薩爾斯堡的名字意思是「鹽的城堡」。山裡挖出的鹽沿著薩爾察河北運，養出一個由主教兼領主統治的城邦。15,12,2,0,0,0,2,,
18110158666785356,2026-07-25,2026-07-21,CAROUSEL_ALBUM,https://www.instagram.com/p/DbCRGQsis_j/,他把整座城改建成心中的羅馬，最後卻被關進自己城裡的要塞。  薩爾斯堡的名字意思是「鹽的城堡」。山裡挖出的鹽沿著薩爾察河北運，養出一個由主教兼領主統治的城邦。15,13,2,0,0,0,2,,
18110158666785356,2026-07-26,2026-07-21,CAROUSEL_ALBUM,https://www.instagram.com/p/DbCRGQsis_j/,他把整座城改建成心中的羅馬，最後卻被關進自己城裡的要塞。  薩爾斯堡的名字意思是「鹽的城堡」。山裡挖出的鹽沿著薩爾察河北運，養出一個由主教兼領主統治的城邦。15,13,2,0,0,0,2,,
18110158666785356,2026-07-27,2026-07-21,CAROUSEL_ALBUM,https://www.instagram.com/p/DbCRGQsis_j/,他把整座城改建成心中的羅馬，最後卻被關進自己城裡的要塞。  薩爾斯堡的名字意思是「鹽的城堡」。山裡挖出的鹽沿著薩爾察河北運，養出一個由主教兼領主統治的城邦。15,13,2,0,0,0,2,,
18606601657000248,2026-07-21,2026-07-21,REELS,https://www.instagram.com/reel/DbDdzF4EQEv/,蓋出這座城的人，最後被關在自己的城裡──他是誰？  薩爾斯堡歷史中心 · 1077 年－1803 年  鹽讓薩爾斯堡富可敵國。杜恩山的岩鹽沿著薩爾察河北運，養出,293,3,0,0,0,3,348,8198
18606601657000248,2026-07-22,2026-07-21,REELS,https://www.instagram.com/reel/DbDdzF4EQEv/,蓋出這座城的人，最後被關在自己的城裡──他是誰？  薩爾斯堡歷史中心 · 1077 年－1803 年  鹽讓薩爾斯堡富可敵國。杜恩山的岩鹽沿著薩爾察河北運，養出,440,5,0,1,0,6,512,8520
18606601657000248,2026-07-23,2026-07-21,REELS,https://www.instagram.com/reel/DbDdzF4EQEv/,蓋出這座城的人，最後被關在自己的城裡──他是誰？  薩爾斯堡歷史中心 · 1077 年－1803 年  鹽讓薩爾斯堡富可敵國。杜恩山的岩鹽沿著薩爾察河北運，養出,446,5,0,1,0,6,520,8493
18606601657000248,2026-07-24,2026-07-21,REELS,https://www.instagram.com/reel/DbDdzF4EQEv/,蓋出這座城的人，最後被關在自己的城裡──他是誰？  薩爾斯堡歷史中心 · 1077 年－1803 年  鹽讓薩爾斯堡富可敵國。杜恩山的岩鹽沿著薩爾察河北運，養出,450,5,0,1,0,6,530,8530
18606601657000248,2026-07-25,2026-07-21,REELS,https://www.instagram.com/reel/DbDdzF4EQEv/,蓋出這座城的人，最後被關在自己的城裡──他是誰？  薩爾斯堡歷史中心 · 1077 年－1803 年  鹽讓薩爾斯堡富可敵國。杜恩山的岩鹽沿著薩爾察河北運，養出,450,5,0,1,0,6,530,8530
18606601657000248,2026-07-26,2026-07-21,REELS,https://www.instagram.com/reel/DbDdzF4EQEv/,蓋出這座城的人，最後被關在自己的城裡──他是誰？  薩爾斯堡歷史中心 · 1077 年－1803 年  鹽讓薩爾斯堡富可敵國。杜恩山的岩鹽沿著薩爾察河北運，養出,450,5,0,1,0,6,530,8530
18606601657000248,2026-07-27,2026-07-21,REELS,https://www.instagram.com/reel/DbDdzF4EQEv/,蓋出這座城的人，最後被關在自己的城裡──他是誰？  薩爾斯堡歷史中心 · 1077 年－1803 年  鹽讓薩爾斯堡富可敵國。杜恩山的岩鹽沿著薩爾察河北運，養出,450,5,0,1,0,6,530,8530
18088358222645192,2026-07-22,2026-07-22,REELS,https://www.instagram.com/reel/DbGcqGLINy6/,它不是日本，也不是中國，而是一個消失的王國。  琉球王國城跡 · 12–17 世紀（琉球王國）  珊瑚礁隆起的島嶼上，弧形的石灰岩城牆順著山脊蜿蜒。十二世紀起，,408,6,0,1,3,11,490,9841
18088358222645192,2026-07-23,2026-07-22,REELS,https://www.instagram.com/reel/DbGcqGLINy6/,它不是日本，也不是中國，而是一個消失的王國。  琉球王國城跡 · 12–17 世紀（琉球王國）  珊瑚礁隆起的島嶼上，弧形的石灰岩城牆順著山脊蜿蜒。十二世紀起，,820,10,0,3,5,19,920,11127
18088358222645192,2026-07-24,2026-07-22,REELS,https://www.instagram.com/reel/DbGcqGLINy6/,它不是日本，也不是中國，而是一個消失的王國。  琉球王國城跡 · 12–17 世紀（琉球王國）  珊瑚礁隆起的島嶼上，弧形的石灰岩城牆順著山脊蜿蜒。十二世紀起，,825,10,0,3,5,19,929,11265
18088358222645192,2026-07-25,2026-07-22,REELS,https://www.instagram.com/reel/DbGcqGLINy6/,它不是日本，也不是中國，而是一個消失的王國。  琉球王國城跡 · 12–17 世紀（琉球王國）  珊瑚礁隆起的島嶼上，弧形的石灰岩城牆順著山脊蜿蜒。十二世紀起，,825,10,0,3,5,19,929,11265
18088358222645192,2026-07-26,2026-07-22,REELS,https://www.instagram.com/reel/DbGcqGLINy6/,它不是日本，也不是中國，而是一個消失的王國。  琉球王國城跡 · 12–17 世紀（琉球王國）  珊瑚礁隆起的島嶼上，弧形的石灰岩城牆順著山脊蜿蜒。十二世紀起，,826,10,0,3,5,19,929,11265
18088358222645192,2026-07-27,2026-07-22,REELS,https://www.instagram.com/reel/DbGcqGLINy6/,它不是日本，也不是中國，而是一個消失的王國。  琉球王國城跡 · 12–17 世紀（琉球王國）  珊瑚礁隆起的島嶼上，弧形的石灰岩城牆順著山脊蜿蜒。十二世紀起，,827,10,0,3,5,19,930,11255
18088358222645192,2026-07-28,2026-07-22,REELS,https://www.instagram.com/reel/DbGcqGLINy6/,它不是日本，也不是中國，而是一個消失的王國。  琉球王國城跡 · 12–17 世紀（琉球王國）  珊瑚礁隆起的島嶼上，弧形的石灰岩城牆順著山脊蜿蜒。十二世紀起，,827,10,0,3,5,19,930,11255
17937780555296896,2026-07-23,2026-07-23,CAROUSEL_ALBUM,https://www.instagram.com/p/DbHW7K7inI4/,福建西南的山谷裡，一整個宗族住進同一棟樓——一個大門、一道環牆、中央一座祖堂，牆基厚達兩公尺，最高能住進八百人。  最令人意外的是，樓裡沒有頂樓豪宅。每一間房一,4,0,0,0,0,0,,
17937780555296896,2026-07-24,2026-07-23,CAROUSEL_ALBUM,https://www.instagram.com/p/DbHW7K7inI4/,福建西南的山谷裡，一整個宗族住進同一棟樓——一個大門、一道環牆、中央一座祖堂，牆基厚達兩公尺，最高能住進八百人。  最令人意外的是，樓裡沒有頂樓豪宅。每一間房一,8,0,0,0,0,0,,
17937780555296896,2026-07-25,2026-07-23,CAROUSEL_ALBUM,https://www.instagram.com/p/DbHW7K7inI4/,福建西南的山谷裡，一整個宗族住進同一棟樓——一個大門、一道環牆、中央一座祖堂，牆基厚達兩公尺，最高能住進八百人。  最令人意外的是，樓裡沒有頂樓豪宅。每一間房一,8,0,0,0,0,0,,
17937780555296896,2026-07-26,2026-07-23,CAROUSEL_ALBUM,https://www.instagram.com/p/DbHW7K7inI4/,福建西南的山谷裡，一整個宗族住進同一棟樓——一個大門、一道環牆、中央一座祖堂，牆基厚達兩公尺，最高能住進八百人。  最令人意外的是，樓裡沒有頂樓豪宅。每一間房一,8,0,0,0,0,0,,
17937780555296896,2026-07-27,2026-07-23,CAROUSEL_ALBUM,https://www.instagram.com/p/DbHW7K7inI4/,福建西南的山谷裡，一整個宗族住進同一棟樓——一個大門、一道環牆、中央一座祖堂，牆基厚達兩公尺，最高能住進八百人。  最令人意外的是，樓裡沒有頂樓豪宅。每一間房一,8,0,0,0,0,0,,
17937780555296896,2026-07-28,2026-07-23,CAROUSEL_ALBUM,https://www.instagram.com/p/DbHW7K7inI4/,福建西南的山谷裡，一整個宗族住進同一棟樓——一個大門、一道環牆、中央一座祖堂，牆基厚達兩公尺，最高能住進八百人。  最令人意外的是，樓裡沒有頂樓豪宅。每一間房一,8,0,0,0,0,0,,
17937780555296896,2026-07-29,2026-07-23,CAROUSEL_ALBUM,https://www.instagram.com/p/DbHW7K7inI4/,福建西南的山谷裡，一整個宗族住進同一棟樓——一個大門、一道環牆、中央一座祖堂，牆基厚達兩公尺，最高能住進八百人。  最令人意外的是，樓裡沒有頂樓豪宅。每一間房一,9,0,0,0,0,0,,
18219533023327298,2026-07-23,2026-07-23,REELS,https://www.instagram.com/reel/DbInYvfjCF8/,他家的房間，和樓裡另外三百六十九間一模一樣──這不是窮，是刻意的。  福建土樓 · 12–20 世紀（宋代至近代）  夯土牆厚達兩公尺、高至五層，能住進八百人。,643,15,0,2,0,18,753,10968
18219533023327298,2026-07-24,2026-07-23,REELS,https://www.instagram.com/reel/DbInYvfjCF8/,他家的房間，和樓裡另外三百六十九間一模一樣──這不是窮，是刻意的。  福建土樓 · 12–20 世紀（宋代至近代）  夯土牆厚達兩公尺、高至五層，能住進八百人。,753,18,0,2,0,21,890,10966
18219533023327298,2026-07-25,2026-07-23,REELS,https://www.instagram.com/reel/DbInYvfjCF8/,他家的房間，和樓裡另外三百六十九間一模一樣──這不是窮，是刻意的。  福建土樓 · 12–20 世紀（宋代至近代）  夯土牆厚達兩公尺、高至五層，能住進八百人。,757,18,0,2,0,21,895,10911
18219533023327298,2026-07-26,2026-07-23,REELS,https://www.instagram.com/reel/DbInYvfjCF8/,他家的房間，和樓裡另外三百六十九間一模一樣──這不是窮，是刻意的。  福建土樓 · 12–20 世紀（宋代至近代）  夯土牆厚達兩公尺、高至五層，能住進八百人。,759,18,0,2,0,21,897,10939
18219533023327298,2026-07-27,2026-07-23,REELS,https://www.instagram.com/reel/DbInYvfjCF8/,他家的房間，和樓裡另外三百六十九間一模一樣──這不是窮，是刻意的。  福建土樓 · 12–20 世紀（宋代至近代）  夯土牆厚達兩公尺、高至五層，能住進八百人。,759,18,0,2,0,21,897,10939
18219533023327298,2026-07-28,2026-07-23,REELS,https://www.instagram.com/reel/DbInYvfjCF8/,他家的房間，和樓裡另外三百六十九間一模一樣──這不是窮，是刻意的。  福建土樓 · 12–20 世紀（宋代至近代）  夯土牆厚達兩公尺、高至五層，能住進八百人。,759,18,0,2,0,21,897,10939
18219533023327298,2026-07-29,2026-07-23,REELS,https://www.instagram.com/reel/DbInYvfjCF8/,他家的房間，和樓裡另外三百六十九間一模一樣──這不是窮，是刻意的。  福建土樓 · 12–20 世紀（宋代至近代）  夯土牆厚達兩公尺、高至五層，能住進八百人。,760,18,0,2,0,21,897,10939
17936623929311963,2026-07-24,2026-07-24,REELS,https://www.instagram.com/reel/DbJ6-8oiY5f/,他弒父奪位，卻用餘生逃亡。  獅子岩 · 西元5世紀  迦葉波弒父奪位，將達圖塞納王活活砌進牆中。為了躲避那位發誓復仇的兄長，他捨棄舊都，把整座王城遷上一塊拔地,294,1,0,1,0,2,402,15991
17936623929311963,2026-07-25,2026-07-24,REELS,https://www.instagram.com/reel/DbJ6-8oiY5f/,他弒父奪位，卻用餘生逃亡。  獅子岩 · 西元5世紀  迦葉波弒父奪位，將達圖塞納王活活砌進牆中。為了躲避那位發誓復仇的兄長，他捨棄舊都，把整座王城遷上一塊拔地,377,2,0,1,0,3,520,17227
17936623929311963,2026-07-26,2026-07-24,REELS,https://www.instagram.com/reel/DbJ6-8oiY5f/,他弒父奪位，卻用餘生逃亡。  獅子岩 · 西元5世紀  迦葉波弒父奪位，將達圖塞納王活活砌進牆中。為了躲避那位發誓復仇的兄長，他捨棄舊都，把整座王城遷上一塊拔地,379,2,0,1,0,3,525,17163
17936623929311963,2026-07-27,2026-07-24,REELS,https://www.instagram.com/reel/DbJ6-8oiY5f/,他弒父奪位，卻用餘生逃亡。  獅子岩 · 西元5世紀  迦葉波弒父奪位，將達圖塞納王活活砌進牆中。為了躲避那位發誓復仇的兄長，他捨棄舊都，把整座王城遷上一塊拔地,379,2,0,1,0,3,525,17163
17936623929311963,2026-07-28,2026-07-24,REELS,https://www.instagram.com/reel/DbJ6-8oiY5f/,他弒父奪位，卻用餘生逃亡。  獅子岩 · 西元5世紀  迦葉波弒父奪位，將達圖塞納王活活砌進牆中。為了躲避那位發誓復仇的兄長，他捨棄舊都，把整座王城遷上一塊拔地,379,2,0,1,0,3,525,17163
17936623929311963,2026-07-29,2026-07-24,REELS,https://www.instagram.com/reel/DbJ6-8oiY5f/,他弒父奪位，卻用餘生逃亡。  獅子岩 · 西元5世紀  迦葉波弒父奪位，將達圖塞納王活活砌進牆中。為了躲避那位發誓復仇的兄長，他捨棄舊都，把整座王城遷上一塊拔地,380,2,0,2,0,4,527,17215
17950148970234020,2026-07-24,2026-07-24,CAROUSEL_ALBUM,https://www.instagram.com/p/DbJ7M_2ilku/,他弒父奪位，卻用餘生逃亡。  西元477年，迦葉波把父王活活砌進牆裡，奪下斯里蘭卡的王位。為了躲避發誓復仇的兄長，他把整座王城搬上一塊 180 公尺高的巨岩——,5,0,0,0,0,0,,
17950148970234020,2026-07-25,2026-07-24,CAROUSEL_ALBUM,https://www.instagram.com/p/DbJ7M_2ilku/,他弒父奪位，卻用餘生逃亡。  西元477年，迦葉波把父王活活砌進牆裡，奪下斯里蘭卡的王位。為了躲避發誓復仇的兄長，他把整座王城搬上一塊 180 公尺高的巨岩——,6,0,0,0,0,0,,
17950148970234020,2026-07-26,2026-07-24,CAROUSEL_ALBUM,https://www.instagram.com/p/DbJ7M_2ilku/,他弒父奪位，卻用餘生逃亡。  西元477年，迦葉波把父王活活砌進牆裡，奪下斯里蘭卡的王位。為了躲避發誓復仇的兄長，他把整座王城搬上一塊 180 公尺高的巨岩——,6,0,0,0,0,0,,
17950148970234020,2026-07-27,2026-07-24,CAROUSEL_ALBUM,https://www.instagram.com/p/DbJ7M_2ilku/,他弒父奪位，卻用餘生逃亡。  西元477年，迦葉波把父王活活砌進牆裡，奪下斯里蘭卡的王位。為了躲避發誓復仇的兄長，他把整座王城搬上一塊 180 公尺高的巨岩——,6,0,0,0,0,0,,
17950148970234020,2026-07-28,2026-07-24,CAROUSEL_ALBUM,https://www.instagram.com/p/DbJ7M_2ilku/,他弒父奪位，卻用餘生逃亡。  西元477年，迦葉波把父王活活砌進牆裡，奪下斯里蘭卡的王位。為了躲避發誓復仇的兄長，他把整座王城搬上一塊 180 公尺高的巨岩——,6,0,0,0,0,0,,
17950148970234020,2026-07-29,2026-07-24,CAROUSEL_ALBUM,https://www.instagram.com/p/DbJ7M_2ilku/,他弒父奪位，卻用餘生逃亡。  西元477年，迦葉波把父王活活砌進牆裡，奪下斯里蘭卡的王位。為了躲避發誓復仇的兄長，他把整座王城搬上一塊 180 公尺高的巨岩——,7,0,0,0,0,0,,
17874015966687353,2026-07-25,2026-07-25,CAROUSEL_ALBUM,https://www.instagram.com/p/DbMjg_lChfd/,六百年來京都最美的建築，卻在 1950 年被一位二十二歲的僧人一把火燒成灰燼。他沒有逃，只走上寺後的山想結束自己。三島由紀夫說他「無法忍受美」——但真實的他，長,9,2,0,0,2,4,,
17874015966687353,2026-07-26,2026-07-25,CAROUSEL_ALBUM,https://www.instagram.com/p/DbMjg_lChfd/,六百年來京都最美的建築，卻在 1950 年被一位二十二歲的僧人一把火燒成灰燼。他沒有逃，只走上寺後的山想結束自己。三島由紀夫說他「無法忍受美」——但真實的他，長,13,3,0,1,2,6,,
17874015966687353,2026-07-27,2026-07-25,CAROUSEL_ALBUM,https://www.instagram.com/p/DbMjg_lChfd/,六百年來京都最美的建築，卻在 1950 年被一位二十二歲的僧人一把火燒成灰燼。他沒有逃，只走上寺後的山想結束自己。三島由紀夫說他「無法忍受美」——但真實的他，長,14,3,0,1,2,6,,
17874015966687353,2026-07-28,2026-07-25,CAROUSEL_ALBUM,https://www.instagram.com/p/DbMjg_lChfd/,六百年來京都最美的建築，卻在 1950 年被一位二十二歲的僧人一把火燒成灰燼。他沒有逃，只走上寺後的山想結束自己。三島由紀夫說他「無法忍受美」——但真實的他，長,14,3,0,1,2,6,,
17874015966687353,2026-07-29,2026-07-25,CAROUSEL_ALBUM,https://www.instagram.com/p/DbMjg_lChfd/,六百年來京都最美的建築，卻在 1950 年被一位二十二歲的僧人一把火燒成灰燼。他沒有逃，只走上寺後的山想結束自己。三島由紀夫說他「無法忍受美」——但真實的他，長,15,3,0,1,2,6,,
17874015966687353,2026-07-31,2026-07-25,CAROUSEL_ALBUM,https://www.instagram.com/p/DbMjg_lChfd/,六百年來京都最美的建築，卻在 1950 年被一位二十二歲的僧人一把火燒成灰燼。他沒有逃，只走上寺後的山想結束自己。三島由紀夫說他「無法忍受美」——但真實的他，長,19,3,0,1,2,6,,
18476806099103176,2026-07-25,2026-07-25,REELS,https://www.instagram.com/reel/DbNw-jEl2Mc/,他放火燒了京都最美的寺——只因為它，美得讓人無法忍受。  金閣寺（鹿苑寺） · 室町時代（14 世紀）· 1955 年重建  金閣寺——京都六百年來最美的建築，,132,3,0,0,1,4,154,9848
18476806099103176,2026-07-26,2026-07-25,REELS,https://www.instagram.com/reel/DbNw-jEl2Mc/,他放火燒了京都最美的寺——只因為它，美得讓人無法忍受。  金閣寺（鹿苑寺） · 室町時代（14 世紀）· 1955 年重建  金閣寺——京都六百年來最美的建築，,429,6,0,1,3,10,548,14498
18476806099103176,2026-07-27,2026-07-25,REELS,https://www.instagram.com/reel/DbNw-jEl2Mc/,他放火燒了京都最美的寺——只因為它，美得讓人無法忍受。  金閣寺（鹿苑寺） · 室町時代（14 世紀）· 1955 年重建  金閣寺——京都六百年來最美的建築，,445,6,0,1,3,10,566,14690
18476806099103176,2026-07-28,2026-07-25,REELS,https://www.instagram.com/reel/DbNw-jEl2Mc/,他放火燒了京都最美的寺——只因為它，美得讓人無法忍受。  金閣寺（鹿苑寺） · 室町時代（14 世紀）· 1955 年重建  金閣寺——京都六百年來最美的建築，,445,6,0,1,3,10,566,14690
18476806099103176,2026-07-29,2026-07-25,REELS,https://www.instagram.com/reel/DbNw-jEl2Mc/,他放火燒了京都最美的寺——只因為它，美得讓人無法忍受。  金閣寺（鹿苑寺） · 室町時代（14 世紀）· 1955 年重建  金閣寺——京都六百年來最美的建築，,448,6,0,1,3,10,570,14725
18476806099103176,2026-07-31,2026-07-25,REELS,https://www.instagram.com/reel/DbNw-jEl2Mc/,他放火燒了京都最美的寺——只因為它，美得讓人無法忍受。  金閣寺（鹿苑寺） · 室町時代（14 世紀）· 1955 年重建  金閣寺——京都六百年來最美的建築，,456,6,0,1,3,10,583,14973
17950752465207090,2026-07-26,2026-07-26,CAROUSEL_ALBUM,https://www.instagram.com/p/DbPGBPxitX_/,王后在凡爾賽宮苑最深處蓋了一座假農村，十二棟茅草農舍圍著湖水。人們說她在裡面扮成農婦擠奶餵羊。同一時間宮牆之外，巴黎工人近一半收入都花在麵包上，麵包還常常買不到,8,1,0,0,4,5,,
17950752465207090,2026-07-27,2026-07-26,CAROUSEL_ALBUM,https://www.instagram.com/p/DbPGBPxitX_/,王后在凡爾賽宮苑最深處蓋了一座假農村，十二棟茅草農舍圍著湖水。人們說她在裡面扮成農婦擠奶餵羊。同一時間宮牆之外，巴黎工人近一半收入都花在麵包上，麵包還常常買不到,9,1,0,0,4,5,,
17950752465207090,2026-07-28,2026-07-26,CAROUSEL_ALBUM,https://www.instagram.com/p/DbPGBPxitX_/,王后在凡爾賽宮苑最深處蓋了一座假農村，十二棟茅草農舍圍著湖水。人們說她在裡面扮成農婦擠奶餵羊。同一時間宮牆之外，巴黎工人近一半收入都花在麵包上，麵包還常常買不到,9,1,0,0,4,5,,
17950752465207090,2026-07-29,2026-07-26,CAROUSEL_ALBUM,https://www.instagram.com/p/DbPGBPxitX_/,王后在凡爾賽宮苑最深處蓋了一座假農村，十二棟茅草農舍圍著湖水。人們說她在裡面扮成農婦擠奶餵羊。同一時間宮牆之外，巴黎工人近一半收入都花在麵包上，麵包還常常買不到,10,1,0,0,4,5,,
17950752465207090,2026-07-31,2026-07-26,CAROUSEL_ALBUM,https://www.instagram.com/p/DbPGBPxitX_/,王后在凡爾賽宮苑最深處蓋了一座假農村，十二棟茅草農舍圍著湖水。人們說她在裡面扮成農婦擠奶餵羊。同一時間宮牆之外，巴黎工人近一半收入都花在麵包上，麵包還常常買不到,10,1,0,0,4,5,,
17950752465207090,2026-08-01,2026-07-26,CAROUSEL_ALBUM,https://www.instagram.com/p/DbPGBPxitX_/,王后在凡爾賽宮苑最深處蓋了一座假農村，十二棟茅草農舍圍著湖水。人們說她在裡面扮成農婦擠奶餵羊。同一時間宮牆之外，巴黎工人近一半收入都花在麵包上，麵包還常常買不到,10,1,0,0,4,5,,
18099703145363658,2026-07-26,2026-07-26,REELS,https://www.instagram.com/reel/DbQVxOLj6ey/,王后在宮苑深處蓋了一座假農村，扮成農婦擠奶——而宮牆之外，人們正為一塊麵包暴動。  凡爾賽宮 · 17–18 世紀  凡爾賽宮苑深處有十二棟茅草農舍，一七八三年,143,2,0,0,0,2,158,7827
18099703145363658,2026-07-27,2026-07-26,REELS,https://www.instagram.com/reel/DbQVxOLj6ey/,王后在宮苑深處蓋了一座假農村，扮成農婦擠奶——而宮牆之外，人們正為一塊麵包暴動。  凡爾賽宮 · 17–18 世紀  凡爾賽宮苑深處有十二棟茅草農舍，一七八三年,176,2,0,0,0,2,194,7523
18099703145363658,2026-07-28,2026-07-26,REELS,https://www.instagram.com/reel/DbQVxOLj6ey/,王后在宮苑深處蓋了一座假農村，扮成農婦擠奶——而宮牆之外，人們正為一塊麵包暴動。  凡爾賽宮 · 17–18 世紀  凡爾賽宮苑深處有十二棟茅草農舍，一七八三年,177,2,0,0,0,2,195,7454
18099703145363658,2026-07-29,2026-07-26,REELS,https://www.instagram.com/reel/DbQVxOLj6ey/,王后在宮苑深處蓋了一座假農村，扮成農婦擠奶——而宮牆之外，人們正為一塊麵包暴動。  凡爾賽宮 · 17–18 世紀  凡爾賽宮苑深處有十二棟茅草農舍，一七八三年,179,2,0,0,0,2,197,7385
18099703145363658,2026-07-31,2026-07-26,REELS,https://www.instagram.com/reel/DbQVxOLj6ey/,王后在宮苑深處蓋了一座假農村，扮成農婦擠奶——而宮牆之外，人們正為一塊麵包暴動。  凡爾賽宮 · 17–18 世紀  凡爾賽宮苑深處有十二棟茅草農舍，一七八三年,184,2,0,0,0,2,204,7307
18099703145363658,2026-08-01,2026-07-26,REELS,https://www.instagram.com/reel/DbQVxOLj6ey/,王后在宮苑深處蓋了一座假農村，扮成農婦擠奶——而宮牆之外，人們正為一塊麵包暴動。  凡爾賽宮 · 17–18 世紀  凡爾賽宮苑深處有十二棟茅草農舍，一七八三年,186,2,0,0,0,2,207,7238
18016098626717555,2026-07-27,2026-07-27,CAROUSEL_ALBUM,https://www.instagram.com/p/DbRrbDPCkHS/,1453 年 5 月 29 日城破的清晨，最後一位羅馬皇帝君士坦丁十一世扯下身上的紫袍——那是一千五百年來羅馬皇權唯一的標記——獨自衝進湧入缺口的敵軍。他守的狄,8,1,0,1,2,4,,
18016098626717555,2026-07-28,2026-07-27,CAROUSEL_ALBUM,https://www.instagram.com/p/DbRrbDPCkHS/,1453 年 5 月 29 日城破的清晨，最後一位羅馬皇帝君士坦丁十一世扯下身上的紫袍——那是一千五百年來羅馬皇權唯一的標記——獨自衝進湧入缺口的敵軍。他守的狄,9,1,0,1,2,4,,
18016098626717555,2026-07-29,2026-07-27,CAROUSEL_ALBUM,https://www.instagram.com/p/DbRrbDPCkHS/,1453 年 5 月 29 日城破的清晨，最後一位羅馬皇帝君士坦丁十一世扯下身上的紫袍——那是一千五百年來羅馬皇權唯一的標記——獨自衝進湧入缺口的敵軍。他守的狄,10,1,0,1,2,4,,
18016098626717555,2026-07-31,2026-07-27,CAROUSEL_ALBUM,https://www.instagram.com/p/DbRrbDPCkHS/,1453 年 5 月 29 日城破的清晨，最後一位羅馬皇帝君士坦丁十一世扯下身上的紫袍——那是一千五百年來羅馬皇權唯一的標記——獨自衝進湧入缺口的敵軍。他守的狄,13,1,0,1,2,4,,
18016098626717555,2026-08-01,2026-07-27,CAROUSEL_ALBUM,https://www.instagram.com/p/DbRrbDPCkHS/,1453 年 5 月 29 日城破的清晨，最後一位羅馬皇帝君士坦丁十一世扯下身上的紫袍——那是一千五百年來羅馬皇權唯一的標記——獨自衝進湧入缺口的敵軍。他守的狄,13,1,0,1,2,4,,
18016098626717555,2026-08-02,2026-07-27,CAROUSEL_ALBUM,https://www.instagram.com/p/DbRrbDPCkHS/,1453 年 5 月 29 日城破的清晨，最後一位羅馬皇帝君士坦丁十一世扯下身上的紫袍——那是一千五百年來羅馬皇權唯一的標記——獨自衝進湧入缺口的敵軍。他守的狄,15,1,0,1,2,4,,
17949236283213345,2026-07-28,2026-07-28,REELS,https://www.instagram.com/reel/DbUQZiqipJW/,城破那天，最後一位羅馬皇帝扯下身上的紫袍衝進敵軍——從此再沒有人找到他的遺體。  伊斯坦堡歷史區 · 330–1453 年  君士坦丁十一世扯下紫袍，衝進破城的,138,1,0,0,0,1,150,42067
17949236283213345,2026-07-29,2026-07-28,REELS,https://www.instagram.com/reel/DbUQZiqipJW/,城破那天，最後一位羅馬皇帝扯下身上的紫袍衝進敵軍——從此再沒有人找到他的遺體。  伊斯坦堡歷史區 · 330–1453 年  君士坦丁十一世扯下紫袍，衝進破城的,147,1,0,0,0,1,163,39503
17949236283213345,2026-07-31,2026-07-28,REELS,https://www.instagram.com/reel/DbUQZiqipJW/,城破那天，最後一位羅馬皇帝扯下身上的紫袍衝進敵軍——從此再沒有人找到他的遺體。  伊斯坦堡歷史區 · 330–1453 年  君士坦丁十一世扯下紫袍，衝進破城的,155,1,0,0,0,1,173,38657
17949236283213345,2026-08-01,2026-07-28,REELS,https://www.instagram.com/reel/DbUQZiqipJW/,城破那天，最後一位羅馬皇帝扯下身上的紫袍衝進敵軍——從此再沒有人找到他的遺體。  伊斯坦堡歷史區 · 330–1453 年  君士坦丁十一世扯下紫袍，衝進破城的,156,1,0,0,0,1,174,38424
17949236283213345,2026-08-02,2026-07-28,REELS,https://www.instagram.com/reel/DbUQZiqipJW/,城破那天，最後一位羅馬皇帝扯下身上的紫袍衝進敵軍——從此再沒有人找到他的遺體。  伊斯坦堡歷史區 · 330–1453 年  君士坦丁十一世扯下紫袍，衝進破城的,157,1,0,0,0,1,175,38259
17949236283213345,2026-08-03,2026-07-28,REELS,https://www.instagram.com/reel/DbUQZiqipJW/,城破那天，最後一位羅馬皇帝扯下身上的紫袍衝進敵軍——從此再沒有人找到他的遺體。  伊斯坦堡歷史區 · 330–1453 年  君士坦丁十一世扯下紫袍，衝進破城的,158,1,0,0,0,1,178,38022
18109332742971940,2026-07-28,2026-07-28,CAROUSEL_ALBUM,https://www.instagram.com/p/DbUP3NuCsKM/,阿瑪菲海岸外海有三座小島，義大利人叫它們 I Galli——公雞。荷馬在《奧德賽》裡寫過這裡：三位賽蓮住在島上，一個彈琴、一個歌唱、一個吹笛，而她們許諾的其實不,12,3,0,0,0,3,,
18109332742971940,2026-07-29,2026-07-28,CAROUSEL_ALBUM,https://www.instagram.com/p/DbUP3NuCsKM/,阿瑪菲海岸外海有三座小島，義大利人叫它們 I Galli——公雞。荷馬在《奧德賽》裡寫過這裡：三位賽蓮住在島上，一個彈琴、一個歌唱、一個吹笛，而她們許諾的其實不,14,3,0,0,0,3,,
18109332742971940,2026-07-31,2026-07-28,CAROUSEL_ALBUM,https://www.instagram.com/p/DbUP3NuCsKM/,阿瑪菲海岸外海有三座小島，義大利人叫它們 I Galli——公雞。荷馬在《奧德賽》裡寫過這裡：三位賽蓮住在島上，一個彈琴、一個歌唱、一個吹笛，而她們許諾的其實不,15,3,0,0,0,3,,
18109332742971940,2026-08-01,2026-07-28,CAROUSEL_ALBUM,https://www.instagram.com/p/DbUP3NuCsKM/,阿瑪菲海岸外海有三座小島，義大利人叫它們 I Galli——公雞。荷馬在《奧德賽》裡寫過這裡：三位賽蓮住在島上，一個彈琴、一個歌唱、一個吹笛，而她們許諾的其實不,16,3,0,0,0,3,,
18109332742971940,2026-08-02,2026-07-28,CAROUSEL_ALBUM,https://www.instagram.com/p/DbUP3NuCsKM/,阿瑪菲海岸外海有三座小島，義大利人叫它們 I Galli——公雞。荷馬在《奧德賽》裡寫過這裡：三位賽蓮住在島上，一個彈琴、一個歌唱、一個吹笛，而她們許諾的其實不,18,3,0,0,0,3,,
18109332742971940,2026-08-03,2026-07-28,CAROUSEL_ALBUM,https://www.instagram.com/p/DbUP3NuCsKM/,阿瑪菲海岸外海有三座小島，義大利人叫它們 I Galli——公雞。荷馬在《奧德賽》裡寫過這裡：三位賽蓮住在島上，一個彈琴、一個歌唱、一個吹笛，而她們許諾的其實不,21,3,0,0,0,3,,
18133707844621690,2026-07-28,2026-07-28,REELS,https://www.instagram.com/reel/DbVfW_UD4As/,海妖唱的不是愛情，是知識——而每個停下來聽的水手，船都撞碎在礁石上。  阿瑪菲海岸 · 839–1343 年  阿瑪菲外海的三座小島叫 I Galli——公雞。,129,2,0,0,0,2,140,7022
18133707844621690,2026-07-29,2026-07-28,REELS,https://www.instagram.com/reel/DbVfW_UD4As/,海妖唱的不是愛情，是知識——而每個停下來聽的水手，船都撞碎在礁石上。  阿瑪菲海岸 · 839–1343 年  阿瑪菲外海的三座小島叫 I Galli——公雞。,184,3,0,1,0,4,208,9012
18133707844621690,2026-07-31,2026-07-28,REELS,https://www.instagram.com/reel/DbVfW_UD4As/,海妖唱的不是愛情，是知識——而每個停下來聽的水手，船都撞碎在礁石上。  阿瑪菲海岸 · 839–1343 年  阿瑪菲外海的三座小島叫 I Galli——公雞。,196,3,0,1,0,4,220,9329
18133707844621690,2026-08-01,2026-07-28,REELS,https://www.instagram.com/reel/DbVfW_UD4As/,海妖唱的不是愛情，是知識——而每個停下來聽的水手，船都撞碎在礁石上。  阿瑪菲海岸 · 839–1343 年  阿瑪菲外海的三座小島叫 I Galli——公雞。,200,3,0,1,0,4,225,9562
18133707844621690,2026-08-02,2026-07-28,REELS,https://www.instagram.com/reel/DbVfW_UD4As/,海妖唱的不是愛情，是知識——而每個停下來聽的水手，船都撞碎在礁石上。  阿瑪菲海岸 · 839–1343 年  阿瑪菲外海的三座小島叫 I Galli——公雞。,202,3,0,1,0,4,228,9512
18133707844621690,2026-08-03,2026-07-28,REELS,https://www.instagram.com/reel/DbVfW_UD4As/,海妖唱的不是愛情，是知識——而每個停下來聽的水手，船都撞碎在礁石上。  阿瑪菲海岸 · 839–1343 年  阿瑪菲外海的三座小島叫 I Galli——公雞。,202,3,0,1,0,4,230,9512
17944467432254732,2026-07-29,2026-07-29,CAROUSEL_ALBUM,https://www.instagram.com/p/DbWyZVwioaB/,岩手縣的平泉，是奧州藤原氏花了四代人、一百年蓋出來的一座人間淨土。他們用北方的黃金與駿馬，在陸奧的山谷裡照著佛經蓋出極樂世界——中尊寺、毛越寺、無量光院、觀自在,7,1,0,1,0,2,,
17944467432254732,2026-07-31,2026-07-29,CAROUSEL_ALBUM,https://www.instagram.com/p/DbWyZVwioaB/,岩手縣的平泉，是奧州藤原氏花了四代人、一百年蓋出來的一座人間淨土。他們用北方的黃金與駿馬，在陸奧的山谷裡照著佛經蓋出極樂世界——中尊寺、毛越寺、無量光院、觀自在,12,2,0,1,0,3,,
17944467432254732,2026-08-01,2026-07-29,CAROUSEL_ALBUM,https://www.instagram.com/p/DbWyZVwioaB/,岩手縣的平泉，是奧州藤原氏花了四代人、一百年蓋出來的一座人間淨土。他們用北方的黃金與駿馬，在陸奧的山谷裡照著佛經蓋出極樂世界——中尊寺、毛越寺、無量光院、觀自在,12,2,0,1,0,3,,
17944467432254732,2026-08-02,2026-07-29,CAROUSEL_ALBUM,https://www.instagram.com/p/DbWyZVwioaB/,岩手縣的平泉，是奧州藤原氏花了四代人、一百年蓋出來的一座人間淨土。他們用北方的黃金與駿馬，在陸奧的山谷裡照著佛經蓋出極樂世界——中尊寺、毛越寺、無量光院、觀自在,14,2,0,1,0,3,,
17944467432254732,2026-08-03,2026-07-29,CAROUSEL_ALBUM,https://www.instagram.com/p/DbWyZVwioaB/,岩手縣的平泉，是奧州藤原氏花了四代人、一百年蓋出來的一座人間淨土。他們用北方的黃金與駿馬，在陸奧的山谷裡照著佛經蓋出極樂世界——中尊寺、毛越寺、無量光院、觀自在,14,2,0,1,0,3,,
17944467432254732,2026-08-04,2026-07-29,CAROUSEL_ALBUM,https://www.instagram.com/p/DbWyZVwioaB/,岩手縣的平泉，是奧州藤原氏花了四代人、一百年蓋出來的一座人間淨土。他們用北方的黃金與駿馬，在陸奧的山谷裡照著佛經蓋出極樂世界——中尊寺、毛越寺、無量光院、觀自在,14,2,0,1,0,3,,
18126729280735615,2026-07-29,2026-07-29,REELS,https://www.instagram.com/reel/DbYEJ9sjkJy/,父親臨終前要他拚死保住那個人，他卻把那人的首級，親手交給了正在追殺那人的敵人。  平泉 · 11–12 世紀（平安時代末期）  藤原泰衡在 1189 年逼死了投,229,3,0,0,0,3,283,14859
18126729280735615,2026-07-31,2026-07-29,REELS,https://www.instagram.com/reel/DbYEJ9sjkJy/,父親臨終前要他拚死保住那個人，他卻把那人的首級，親手交給了正在追殺那人的敵人。  平泉 · 11–12 世紀（平安時代末期）  藤原泰衡在 1189 年逼死了投,1249,16,0,2,0,19,1444,13839
18126729280735615,2026-08-01,2026-07-29,REELS,https://www.instagram.com/reel/DbYEJ9sjkJy/,父親臨終前要他拚死保住那個人，他卻把那人的首級，親手交給了正在追殺那人的敵人。  平泉 · 11–12 世紀（平安時代末期）  藤原泰衡在 1189 年逼死了投,1258,16,0,2,0,19,1451,13808
18126729280735615,2026-08-02,2026-07-29,REELS,https://www.instagram.com/reel/DbYEJ9sjkJy/,父親臨終前要他拚死保住那個人，他卻把那人的首級，親手交給了正在追殺那人的敵人。  平泉 · 11–12 世紀（平安時代末期）  藤原泰衡在 1189 年逼死了投,1262,16,0,2,0,19,1455,13830
18126729280735615,2026-08-03,2026-07-29,REELS,https://www.instagram.com/reel/DbYEJ9sjkJy/,父親臨終前要他拚死保住那個人，他卻把那人的首級，親手交給了正在追殺那人的敵人。  平泉 · 11–12 世紀（平安時代末期）  藤原泰衡在 1189 年逼死了投,1264,16,0,2,0,19,1459,13841
18126729280735615,2026-08-04,2026-07-29,REELS,https://www.instagram.com/reel/DbYEJ9sjkJy/,父親臨終前要他拚死保住那個人，他卻把那人的首級，親手交給了正在追殺那人的敵人。  平泉 · 11–12 世紀（平安時代末期）  藤原泰衡在 1189 年逼死了投,1271,16,0,2,0,19,1465,13816
18123990229783832,2026-07-31,2026-07-30,CAROUSEL_ALBUM,https://www.instagram.com/p/DbZXNMRimJh/,刻下大三巴這面石牆的，不是澳門的工匠——是一群再也回不了家的日本人。  1587 年豐臣秀吉禁教，他們渡海逃到澳門，用將近四十年把一座教堂的正面刻進花崗岩，連中,11,1,0,0,0,1,,
18123990229783832,2026-08-01,2026-07-30,CAROUSEL_ALBUM,https://www.instagram.com/p/DbZXNMRimJh/,刻下大三巴這面石牆的，不是澳門的工匠——是一群再也回不了家的日本人。  1587 年豐臣秀吉禁教，他們渡海逃到澳門，用將近四十年把一座教堂的正面刻進花崗岩，連中,12,1,0,0,0,1,,
18123990229783832,2026-08-02,2026-07-30,CAROUSEL_ALBUM,https://www.instagram.com/p/DbZXNMRimJh/,刻下大三巴這面石牆的，不是澳門的工匠——是一群再也回不了家的日本人。  1587 年豐臣秀吉禁教，他們渡海逃到澳門，用將近四十年把一座教堂的正面刻進花崗岩，連中,14,1,0,0,0,1,,
18123990229783832,2026-08-03,2026-07-30,CAROUSEL_ALBUM,https://www.instagram.com/p/DbZXNMRimJh/,刻下大三巴這面石牆的，不是澳門的工匠——是一群再也回不了家的日本人。  1587 年豐臣秀吉禁教，他們渡海逃到澳門，用將近四十年把一座教堂的正面刻進花崗岩，連中,15,1,0,0,0,1,,
18123990229783832,2026-08-04,2026-07-30,CAROUSEL_ALBUM,https://www.instagram.com/p/DbZXNMRimJh/,刻下大三巴這面石牆的，不是澳門的工匠——是一群再也回不了家的日本人。  1587 年豐臣秀吉禁教，他們渡海逃到澳門，用將近四十年把一座教堂的正面刻進花崗岩，連中,16,1,0,0,0,1,,
18123990229783832,2026-08-05,2026-07-30,CAROUSEL_ALBUM,https://www.instagram.com/p/DbZXNMRimJh/,刻下大三巴這面石牆的，不是澳門的工匠——是一群再也回不了家的日本人。  1587 年豐臣秀吉禁教，他們渡海逃到澳門，用將近四十年把一座教堂的正面刻進花崗岩，連中,21,1,0,0,0,1,,
18608492008034850,2026-07-31,2026-07-30,REELS,https://www.instagram.com/reel/Dbao9f3Ds4a/,刻下大三巴這面石牆的，不是澳門的工匠——是一群再也回不了家的日本人。  大三巴牌坊 · 1602–1640（明萬曆至崇禎）  日本天主教徒工匠在 1602 年開,1480,42,0,12,16,71,1846,16690
18608492008034850,2026-08-01,2026-07-30,REELS,https://www.instagram.com/reel/Dbao9f3Ds4a/,刻下大三巴這面石牆的，不是澳門的工匠——是一群再也回不了家的日本人。  大三巴牌坊 · 1602–1640（明萬曆至崇禎）  日本天主教徒工匠在 1602 年開,1657,49,0,15,17,83,2087,23612
18608492008034850,2026-08-02,2026-07-30,REELS,https://www.instagram.com/reel/Dbao9f3Ds4a/,刻下大三巴這面石牆的，不是澳門的工匠——是一群再也回不了家的日本人。  大三巴牌坊 · 1602–1640（明萬曆至崇禎）  日本天主教徒工匠在 1602 年開,1725,51,0,15,17,85,2159,23314
18608492008034850,2026-08-03,2026-07-30,REELS,https://www.instagram.com/reel/Dbao9f3Ds4a/,刻下大三巴這面石牆的，不是澳門的工匠——是一群再也回不了家的日本人。  大三巴牌坊 · 1602–1640（明萬曆至崇禎）  日本天主教徒工匠在 1602 年開,1815,55,0,15,25,97,2291,23757
18608492008034850,2026-08-04,2026-07-30,REELS,https://www.instagram.com/reel/Dbao9f3Ds4a/,刻下大三巴這面石牆的，不是澳門的工匠——是一群再也回不了家的日本人。  大三巴牌坊 · 1602–1640（明萬曆至崇禎）  日本天主教徒工匠在 1602 年開,1920,58,0,15,25,100,2414,23280
18608492008034850,2026-08-05,2026-07-30,REELS,https://www.instagram.com/reel/Dbao9f3Ds4a/,刻下大三巴這面石牆的，不是澳門的工匠——是一群再也回不了家的日本人。  大三巴牌坊 · 1602–1640（明萬曆至崇禎）  日本天主教徒工匠在 1602 年開,2068,61,0,15,25,103,2608,22786
18052311704791044,2026-08-01,2026-07-31,CAROUSEL_ALBUM,https://www.instagram.com/p/DbefdgeCobf/,一個賣山薯的窮小子，教敵國都城的孩子唱一首歌，就把公主唱進了自己懷裡——一千四百年後，塔裡挖出的一塊金板，卻說王后另有其人。  《三國遺事》說，薯童用一首童謠讓,9,1,0,0,0,1,,
18052311704791044,2026-08-02,2026-07-31,CAROUSEL_ALBUM,https://www.instagram.com/p/DbefdgeCobf/,一個賣山薯的窮小子，教敵國都城的孩子唱一首歌，就把公主唱進了自己懷裡——一千四百年後，塔裡挖出的一塊金板，卻說王后另有其人。  《三國遺事》說，薯童用一首童謠讓,13,1,0,0,0,1,,
18052311704791044,2026-08-03,2026-07-31,CAROUSEL_ALBUM,https://www.instagram.com/p/DbefdgeCobf/,一個賣山薯的窮小子，教敵國都城的孩子唱一首歌，就把公主唱進了自己懷裡——一千四百年後，塔裡挖出的一塊金板，卻說王后另有其人。  《三國遺事》說，薯童用一首童謠讓,15,1,0,0,0,1,,
18052311704791044,2026-08-04,2026-07-31,CAROUSEL_ALBUM,https://www.instagram.com/p/DbefdgeCobf/,一個賣山薯的窮小子，教敵國都城的孩子唱一首歌，就把公主唱進了自己懷裡——一千四百年後，塔裡挖出的一塊金板，卻說王后另有其人。  《三國遺事》說，薯童用一首童謠讓,15,1,0,0,0,1,,
18052311704791044,2026-08-05,2026-07-31,CAROUSEL_ALBUM,https://www.instagram.com/p/DbefdgeCobf/,一個賣山薯的窮小子，教敵國都城的孩子唱一首歌，就把公主唱進了自己懷裡——一千四百年後，塔裡挖出的一塊金板，卻說王后另有其人。  《三國遺事》說，薯童用一首童謠讓,17,1,0,0,0,1,,
18052311704791044,2026-08-06,2026-07-31,CAROUSEL_ALBUM,https://www.instagram.com/p/DbefdgeCobf/,一個賣山薯的窮小子，教敵國都城的孩子唱一首歌，就把公主唱進了自己懷裡——一千四百年後，塔裡挖出的一塊金板，卻說王后另有其人。  《三國遺事》說，薯童用一首童謠讓,18,1,0,0,0,1,,
18086505029655234,2026-07-31,2026-07-31,CAROUSEL_ALBUM,https://www.instagram.com/p/Dbb8QXSijrG/,世界上最大的佛寺，曾被火山灰與叢林吞沒近千年——沒有人知道，當年的人為什麼把它拋下。  八世紀末，夏連特拉王朝在中爪哇平原堆起五萬五千立方公尺的岩石：九層巨壇、,10,1,0,0,0,1,,
18086505029655234,2026-08-01,2026-07-31,CAROUSEL_ALBUM,https://www.instagram.com/p/Dbb8QXSijrG/,世界上最大的佛寺，曾被火山灰與叢林吞沒近千年——沒有人知道，當年的人為什麼把它拋下。  八世紀末，夏連特拉王朝在中爪哇平原堆起五萬五千立方公尺的岩石：九層巨壇、,17,1,0,0,0,1,,
18086505029655234,2026-08-02,2026-07-31,CAROUSEL_ALBUM,https://www.instagram.com/p/Dbb8QXSijrG/,世界上最大的佛寺，曾被火山灰與叢林吞沒近千年——沒有人知道，當年的人為什麼把它拋下。  八世紀末，夏連特拉王朝在中爪哇平原堆起五萬五千立方公尺的岩石：九層巨壇、,17,1,0,0,0,1,,
18086505029655234,2026-08-03,2026-07-31,CAROUSEL_ALBUM,https://www.instagram.com/p/Dbb8QXSijrG/,世界上最大的佛寺，曾被火山灰與叢林吞沒近千年——沒有人知道，當年的人為什麼把它拋下。  八世紀末，夏連特拉王朝在中爪哇平原堆起五萬五千立方公尺的岩石：九層巨壇、,19,1,0,0,0,1,,
18086505029655234,2026-08-04,2026-07-31,CAROUSEL_ALBUM,https://www.instagram.com/p/Dbb8QXSijrG/,世界上最大的佛寺，曾被火山灰與叢林吞沒近千年——沒有人知道，當年的人為什麼把它拋下。  八世紀末，夏連特拉王朝在中爪哇平原堆起五萬五千立方公尺的岩石：九層巨壇、,20,1,0,0,0,1,,
18086505029655234,2026-08-05,2026-07-31,CAROUSEL_ALBUM,https://www.instagram.com/p/Dbb8QXSijrG/,世界上最大的佛寺，曾被火山灰與叢林吞沒近千年——沒有人知道，當年的人為什麼把它拋下。  八世紀末，夏連特拉王朝在中爪哇平原堆起五萬五千立方公尺的岩石：九層巨壇、,24,1,0,0,0,1,,
18086505029655234,2026-08-06,2026-07-31,CAROUSEL_ALBUM,https://www.instagram.com/p/Dbb8QXSijrG/,世界上最大的佛寺，曾被火山灰與叢林吞沒近千年——沒有人知道，當年的人為什麼把它拋下。  八世紀末，夏連特拉王朝在中爪哇平原堆起五萬五千立方公尺的岩石：九層巨壇、,25,1,0,0,0,1,,
18092478233078374,2026-07-31,2026-07-31,REELS,https://www.instagram.com/reel/DbdNvsqkW1t/,世界上最大的佛寺，曾被火山灰與叢林吞沒近千年——沒有人知道，當年的人為什麼把它拋下。  婆羅浮屠 · 夏連特拉王朝・八至九世紀  婆羅浮屠是世上最大的佛寺：九層,509,12,0,3,0,15,621,11378
18092478233078374,2026-08-01,2026-07-31,REELS,https://www.instagram.com/reel/DbdNvsqkW1t/,世界上最大的佛寺，曾被火山灰與叢林吞沒近千年——沒有人知道，當年的人為什麼把它拋下。  婆羅浮屠 · 夏連特拉王朝・八至九世紀  婆羅浮屠是世上最大的佛寺：九層,1434,28,0,5,5,40,1711,11487
18092478233078374,2026-08-02,2026-07-31,REELS,https://www.instagram.com/reel/DbdNvsqkW1t/,世界上最大的佛寺，曾被火山灰與叢林吞沒近千年——沒有人知道，當年的人為什麼把它拋下。  婆羅浮屠 · 夏連特拉王朝・八至九世紀  婆羅浮屠是世上最大的佛寺：九層,1510,29,0,5,5,41,1786,11400
18092478233078374,2026-08-03,2026-07-31,REELS,https://www.instagram.com/reel/DbdNvsqkW1t/,世界上最大的佛寺，曾被火山灰與叢林吞沒近千年——沒有人知道，當年的人為什麼把它拋下。  婆羅浮屠 · 夏連特拉王朝・八至九世紀  婆羅浮屠是世上最大的佛寺：九層,1516,30,0,5,5,42,1799,11425
18092478233078374,2026-08-04,2026-07-31,REELS,https://www.instagram.com/reel/DbdNvsqkW1t/,世界上最大的佛寺，曾被火山灰與叢林吞沒近千年——沒有人知道，當年的人為什麼把它拋下。  婆羅浮屠 · 夏連特拉王朝・八至九世紀  婆羅浮屠是世上最大的佛寺：九層,1524,30,0,5,5,42,1809,11438
18092478233078374,2026-08-05,2026-07-31,REELS,https://www.instagram.com/reel/DbdNvsqkW1t/,世界上最大的佛寺，曾被火山灰與叢林吞沒近千年——沒有人知道，當年的人為什麼把它拋下。  婆羅浮屠 · 夏連特拉王朝・八至九世紀  婆羅浮屠是世上最大的佛寺：九層,1539,30,0,5,5,42,1833,11529
18092478233078374,2026-08-06,2026-07-31,REELS,https://www.instagram.com/reel/DbdNvsqkW1t/,世界上最大的佛寺，曾被火山灰與叢林吞沒近千年——沒有人知道，當年的人為什麼把它拋下。  婆羅浮屠 · 夏連特拉王朝・八至九世紀  婆羅浮屠是世上最大的佛寺：九層,1554,31,0,5,5,43,1850,11619
18074318954389643,2026-08-01,2026-08-01,REELS,https://www.instagram.com/reel/DbfyixSgCAT/,一個賣山薯的窮小子，教敵國都城的孩子唱一首歌，就把公主唱進了自己懷裡——一千四百年後，塔裡挖出的一塊金板，卻說王后另有其人。  彌勒寺石塔 · 百濟武王・七世紀,204,3,0,0,0,3,244,11719
18074318954389643,2026-08-02,2026-08-01,REELS,https://www.instagram.com/reel/DbfyixSgCAT/,一個賣山薯的窮小子，教敵國都城的孩子唱一首歌，就把公主唱進了自己懷裡——一千四百年後，塔裡挖出的一塊金板，卻說王后另有其人。  彌勒寺石塔 · 百濟武王・七世紀,349,6,0,0,0,6,409,11426
18074318954389643,2026-08-03,2026-08-01,REELS,https://www.instagram.com/reel/DbfyixSgCAT/,一個賣山薯的窮小子，教敵國都城的孩子唱一首歌，就把公主唱進了自己懷裡——一千四百年後，塔裡挖出的一塊金板，卻說王后另有其人。  彌勒寺石塔 · 百濟武王・七世紀,358,6,0,0,0,6,426,11546
18074318954389643,2026-08-04,2026-08-01,REELS,https://www.instagram.com/reel/DbfyixSgCAT/,一個賣山薯的窮小子，教敵國都城的孩子唱一首歌，就把公主唱進了自己懷裡——一千四百年後，塔裡挖出的一塊金板，卻說王后另有其人。  彌勒寺石塔 · 百濟武王・七世紀,364,6,0,0,0,6,431,11815
18074318954389643,2026-08-05,2026-08-01,REELS,https://www.instagram.com/reel/DbfyixSgCAT/,一個賣山薯的窮小子，教敵國都城的孩子唱一首歌，就把公主唱進了自己懷裡——一千四百年後，塔裡挖出的一塊金板，卻說王后另有其人。  彌勒寺石塔 · 百濟武王・七世紀,381,6,0,0,0,6,450,11785
18074318954389643,2026-08-06,2026-08-01,REELS,https://www.instagram.com/reel/DbfyixSgCAT/,一個賣山薯的窮小子，教敵國都城的孩子唱一首歌，就把公主唱進了自己懷裡——一千四百年後，塔裡挖出的一塊金板，卻說王后另有其人。  彌勒寺石塔 · 百濟武王・七世紀,393,6,0,0,0,6,464,12017
18074318954389643,2026-08-07,2026-08-01,REELS,https://www.instagram.com/reel/DbfyixSgCAT/,一個賣山薯的窮小子，教敵國都城的孩子唱一首歌，就把公主唱進了自己懷裡——一千四百年後，塔裡挖出的一塊金板，卻說王后另有其人。  彌勒寺石塔 · 百濟武王・七世紀,400,6,0,0,0,6,473,11994
17939561148314633,2026-08-02,2026-08-02,CAROUSEL_ALBUM,https://www.instagram.com/p/DbhNF6zCqs0/,這圈石頭站了四千五百年，建造它的人卻從島上消失了——  巨石陣的藍砂岩來自兩百四十公里外的威爾斯。考古學家在那裡找到一座被拆走的更古老石圈，一處石坑與巨石陣的石,10,1,0,0,0,1,,
17939561148314633,2026-08-03,2026-08-02,CAROUSEL_ALBUM,https://www.instagram.com/p/DbhNF6zCqs0/,這圈石頭站了四千五百年，建造它的人卻從島上消失了——  巨石陣的藍砂岩來自兩百四十公里外的威爾斯。考古學家在那裡找到一座被拆走的更古老石圈，一處石坑與巨石陣的石,12,1,0,0,0,1,,
17939561148314633,2026-08-04,2026-08-02,CAROUSEL_ALBUM,https://www.instagram.com/p/DbhNF6zCqs0/,這圈石頭站了四千五百年，建造它的人卻從島上消失了——  巨石陣的藍砂岩來自兩百四十公里外的威爾斯。考古學家在那裡找到一座被拆走的更古老石圈，一處石坑與巨石陣的石,14,1,0,0,0,1,,
17939561148314633,2026-08-05,2026-08-02,CAROUSEL_ALBUM,https://www.instagram.com/p/DbhNF6zCqs0/,這圈石頭站了四千五百年，建造它的人卻從島上消失了——  巨石陣的藍砂岩來自兩百四十公里外的威爾斯。考古學家在那裡找到一座被拆走的更古老石圈，一處石坑與巨石陣的石,18,1,0,0,0,1,,
17939561148314633,2026-08-06,2026-08-02,CAROUSEL_ALBUM,https://www.instagram.com/p/DbhNF6zCqs0/,這圈石頭站了四千五百年，建造它的人卻從島上消失了——  巨石陣的藍砂岩來自兩百四十公里外的威爾斯。考古學家在那裡找到一座被拆走的更古老石圈，一處石坑與巨石陣的石,19,1,0,0,0,1,,
17939561148314633,2026-08-07,2026-08-02,CAROUSEL_ALBUM,https://www.instagram.com/p/DbhNF6zCqs0/,這圈石頭站了四千五百年，建造它的人卻從島上消失了——  巨石陣的藍砂岩來自兩百四十公里外的威爾斯。考古學家在那裡找到一座被拆走的更古老石圈，一處石坑與巨石陣的石,21,1,0,0,0,1,,
17939561148314633,2026-08-08,2026-08-02,CAROUSEL_ALBUM,https://www.instagram.com/p/DbhNF6zCqs0/,這圈石頭站了四千五百年，建造它的人卻從島上消失了——  巨石陣的藍砂岩來自兩百四十公里外的威爾斯。考古學家在那裡找到一座被拆走的更古老石圈，一處石坑與巨石陣的石,23,1,0,0,0,1,,
18098005030992498,2026-08-02,2026-08-02,REELS,https://www.instagram.com/reel/DbjlBMjCrRu/,站了四千五百年的巨石陣，建造它的人，卻從島上消失了。  巨石陣 · 新石器時代・約公元前3000–1600年  索爾茲伯里平原上，二十五噸的砂岩巨柱以榫卯相接，,52,1,0,0,0,1,78,5551
18098005030992498,2026-08-03,2026-08-02,REELS,https://www.instagram.com/reel/DbjlBMjCrRu/,站了四千五百年的巨石陣，建造它的人，卻從島上消失了。  巨石陣 · 新石器時代・約公元前3000–1600年  索爾茲伯里平原上，二十五噸的砂岩巨柱以榫卯相接，,235,5,0,2,0,7,268,7390
18098005030992498,2026-08-04,2026-08-02,REELS,https://www.instagram.com/reel/DbjlBMjCrRu/,站了四千五百年的巨石陣，建造它的人，卻從島上消失了。  巨石陣 · 新石器時代・約公元前3000–1600年  索爾茲伯里平原上，二十五噸的砂岩巨柱以榫卯相接，,273,6,0,2,0,8,308,8228
18098005030992498,2026-08-05,2026-08-02,REELS,https://www.instagram.com/reel/DbjlBMjCrRu/,站了四千五百年的巨石陣，建造它的人，卻從島上消失了。  巨石陣 · 新石器時代・約公元前3000–1600年  索爾茲伯里平原上，二十五噸的砂岩巨柱以榫卯相接，,291,6,0,2,0,8,326,8838
18098005030992498,2026-08-06,2026-08-02,REELS,https://www.instagram.com/reel/DbjlBMjCrRu/,站了四千五百年的巨石陣，建造它的人，卻從島上消失了。  巨石陣 · 新石器時代・約公元前3000–1600年  索爾茲伯里平原上，二十五噸的砂岩巨柱以榫卯相接，,300,6,0,2,0,8,338,8903
18098005030992498,2026-08-07,2026-08-02,REELS,https://www.instagram.com/reel/DbjlBMjCrRu/,站了四千五百年的巨石陣，建造它的人，卻從島上消失了。  巨石陣 · 新石器時代・約公元前3000–1600年  索爾茲伯里平原上，二十五噸的砂岩巨柱以榫卯相接，,307,6,0,2,3,11,346,9245
18098005030992498,2026-08-08,2026-08-02,REELS,https://www.instagram.com/reel/DbjlBMjCrRu/,站了四千五百年的巨石陣，建造它的人，卻從島上消失了。  巨石陣 · 新石器時代・約公元前3000–1600年  索爾茲伯里平原上，二十五噸的砂岩巨柱以榫卯相接，,322,6,0,2,3,11,363,9485
18102606428593302,2026-08-02,2026-08-02,REELS,https://www.instagram.com/reel/Dbjntb8ip71/,站了四千五百年的巨石陣，建造它的人，卻從島上消失了。  巨石陣 · 新石器時代・約公元前3000–1600年  索爾茲伯里平原上，二十五噸的砂岩巨柱以榫卯相接，,5,1,0,0,0,1,27,8031
18384568324162064,2026-08-02,2026-08-02,CAROUSEL_ALBUM,https://www.instagram.com/p/DbjpU6HCqUp/,八千個陶土士兵守著的主墓，兩千兩百年沒有人打開——不是找不到，是不敢。  司馬遷在《史記》裡寫：地宮以水銀為百川江河大海，設弩箭射殺闖入者。聽起來像神話，直到現,0,0,0,0,0,0,,
18384568324162064,2026-08-03,2026-08-02,CAROUSEL_ALBUM,https://www.instagram.com/p/DbjpU6HCqUp/,八千個陶土士兵守著的主墓，兩千兩百年沒有人打開——不是找不到，是不敢。  司馬遷在《史記》裡寫：地宮以水銀為百川江河大海，設弩箭射殺闖入者。聽起來像神話，直到現,15,1,0,0,0,1,,
18384568324162064,2026-08-04,2026-08-02,CAROUSEL_ALBUM,https://www.instagram.com/p/DbjpU6HCqUp/,八千個陶土士兵守著的主墓，兩千兩百年沒有人打開——不是找不到，是不敢。  司馬遷在《史記》裡寫：地宮以水銀為百川江河大海，設弩箭射殺闖入者。聽起來像神話，直到現,18,1,0,0,0,1,,
18384568324162064,2026-08-05,2026-08-02,CAROUSEL_ALBUM,https://www.instagram.com/p/DbjpU6HCqUp/,八千個陶土士兵守著的主墓，兩千兩百年沒有人打開——不是找不到，是不敢。  司馬遷在《史記》裡寫：地宮以水銀為百川江河大海，設弩箭射殺闖入者。聽起來像神話，直到現,22,1,0,0,0,1,,
18384568324162064,2026-08-06,2026-08-02,CAROUSEL_ALBUM,https://www.instagram.com/p/DbjpU6HCqUp/,八千個陶土士兵守著的主墓，兩千兩百年沒有人打開——不是找不到，是不敢。  司馬遷在《史記》裡寫：地宮以水銀為百川江河大海，設弩箭射殺闖入者。聽起來像神話，直到現,24,1,0,0,0,1,,
18384568324162064,2026-08-07,2026-08-02,CAROUSEL_ALBUM,https://www.instagram.com/p/DbjpU6HCqUp/,八千個陶土士兵守著的主墓，兩千兩百年沒有人打開——不是找不到，是不敢。  司馬遷在《史記》裡寫：地宮以水銀為百川江河大海，設弩箭射殺闖入者。聽起來像神話，直到現,27,1,0,0,0,1,,
18384568324162064,2026-08-08,2026-08-02,CAROUSEL_ALBUM,https://www.instagram.com/p/DbjpU6HCqUp/,八千個陶土士兵守著的主墓，兩千兩百年沒有人打開——不是找不到，是不敢。  司馬遷在《史記》裡寫：地宮以水銀為百川江河大海，設弩箭射殺闖入者。聽起來像神話，直到現,29,1,0,0,0,1,,
17912492928349250,2026-08-03,2026-08-03,REELS,https://www.instagram.com/reel/Dbk8IxOoAM8/,八千個陶土士兵守著的主墓，兩千兩百年沒有人打開過——不是找不到，是不敢。  秦始皇陵 · 秦代・公元前246–208年  八千個陶土士兵，其實只是陵園東側的衛戍,422,15,0,0,1,16,700,18188
17912492928349250,2026-08-04,2026-08-03,REELS,https://www.instagram.com/reel/Dbk8IxOoAM8/,八千個陶土士兵守著的主墓，兩千兩百年沒有人打開過——不是找不到，是不敢。  秦始皇陵 · 秦代・公元前246–208年  八千個陶土士兵，其實只是陵園東側的衛戍,1552,39,1,3,21,64,1894,18179
17912492928349250,2026-08-05,2026-08-03,REELS,https://www.instagram.com/reel/Dbk8IxOoAM8/,八千個陶土士兵守著的主墓，兩千兩百年沒有人打開過——不是找不到，是不敢。  秦始皇陵 · 秦代・公元前246–208年  八千個陶土士兵，其實只是陵園東側的衛戍,1757,40,1,4,21,66,2143,18241
17912492928349250,2026-08-06,2026-08-03,REELS,https://www.instagram.com/reel/Dbk8IxOoAM8/,八千個陶土士兵守著的主墓，兩千兩百年沒有人打開過——不是找不到，是不敢。  秦始皇陵 · 秦代・公元前246–208年  八千個陶土士兵，其實只是陵園東側的衛戍,1780,40,1,4,21,66,2171,18255
17912492928349250,2026-08-07,2026-08-03,REELS,https://www.instagram.com/reel/Dbk8IxOoAM8/,八千個陶土士兵守著的主墓，兩千兩百年沒有人打開過——不是找不到，是不敢。  秦始皇陵 · 秦代・公元前246–208年  八千個陶土士兵，其實只是陵園東側的衛戍,1793,40,1,4,21,66,2193,18285
17912492928349250,2026-08-08,2026-08-03,REELS,https://www.instagram.com/reel/Dbk8IxOoAM8/,八千個陶土士兵守著的主墓，兩千兩百年沒有人打開過——不是找不到，是不敢。  秦始皇陵 · 秦代・公元前246–208年  八千個陶土士兵，其實只是陵園東側的衛戍,1818,41,1,4,21,67,2221,18369
17912492928349250,2026-08-09,2026-08-03,REELS,https://www.instagram.com/reel/Dbk8IxOoAM8/,八千個陶土士兵守著的主墓，兩千兩百年沒有人打開過——不是找不到，是不敢。  秦始皇陵 · 秦代・公元前246–208年  八千個陶土士兵，其實只是陵園東側的衛戍,1856,44,1,4,21,70,2263,18310
17952220302012227,2026-08-04,2026-08-03,CAROUSEL_ALBUM,https://www.instagram.com/p/DbmNFpzCvwR/,她從倫敦塔出發加冕成為王后，一千天後被押回同一座塔——下令處死她的，是她的丈夫亨利八世。  安妮·博林的故事只是開始：塔中王子在這裡人間蒸發，她的女兒伊莉莎白被,10,1,0,1,1,3,,
17952220302012227,2026-08-05,2026-08-03,CAROUSEL_ALBUM,https://www.instagram.com/p/DbmNFpzCvwR/,她從倫敦塔出發加冕成為王后，一千天後被押回同一座塔——下令處死她的，是她的丈夫亨利八世。  安妮·博林的故事只是開始：塔中王子在這裡人間蒸發，她的女兒伊莉莎白被,18,1,0,1,1,3,,
17952220302012227,2026-08-06,2026-08-03,CAROUSEL_ALBUM,https://www.instagram.com/p/DbmNFpzCvwR/,她從倫敦塔出發加冕成為王后，一千天後被押回同一座塔——下令處死她的，是她的丈夫亨利八世。  安妮·博林的故事只是開始：塔中王子在這裡人間蒸發，她的女兒伊莉莎白被,23,1,0,1,1,3,,
17952220302012227,2026-08-07,2026-08-03,CAROUSEL_ALBUM,https://www.instagram.com/p/DbmNFpzCvwR/,她從倫敦塔出發加冕成為王后，一千天後被押回同一座塔——下令處死她的，是她的丈夫亨利八世。  安妮·博林的故事只是開始：塔中王子在這裡人間蒸發，她的女兒伊莉莎白被,26,1,0,1,1,3,,
17952220302012227,2026-08-08,2026-08-03,CAROUSEL_ALBUM,https://www.instagram.com/p/DbmNFpzCvwR/,她從倫敦塔出發加冕成為王后，一千天後被押回同一座塔——下令處死她的，是她的丈夫亨利八世。  安妮·博林的故事只是開始：塔中王子在這裡人間蒸發，她的女兒伊莉莎白被,31,1,0,1,1,3,,
17952220302012227,2026-08-09,2026-08-03,CAROUSEL_ALBUM,https://www.instagram.com/p/DbmNFpzCvwR/,她從倫敦塔出發加冕成為王后，一千天後被押回同一座塔——下令處死她的，是她的丈夫亨利八世。  安妮·博林的故事只是開始：塔中王子在這裡人間蒸發，她的女兒伊莉莎白被,39,1,0,1,1,3,,
17937984216323901,2026-08-04,2026-08-04,REELS,https://www.instagram.com/reel/Dbng8E4EalF/,她在這座塔加冕成為王后，也在這裡被丈夫斬首——中間只隔了一千天。  倫敦塔 · 1078 年至今  安妮·博林在 1533 年從倫敦塔出發、遊行至西敏寺加冕為后,287,4,0,0,0,4,372,15350
17937984216323901,2026-08-05,2026-08-04,REELS,https://www.instagram.com/reel/Dbng8E4EalF/,她在這座塔加冕成為王后，也在這裡被丈夫斬首——中間只隔了一千天。  倫敦塔 · 1078 年至今  安妮·博林在 1533 年從倫敦塔出發、遊行至西敏寺加冕為后,1309,26,0,4,3,33,1637,20189
17937984216323901,2026-08-06,2026-08-04,REELS,https://www.instagram.com/reel/Dbng8E4EalF/,她在這座塔加冕成為王后，也在這裡被丈夫斬首——中間只隔了一千天。  倫敦塔 · 1078 年至今  安妮·博林在 1533 年從倫敦塔出發、遊行至西敏寺加冕為后,1418,27,0,4,6,37,1809,20149
17937984216323901,2026-08-07,2026-08-04,REELS,https://www.instagram.com/reel/Dbng8E4EalF/,她在這座塔加冕成為王后，也在這裡被丈夫斬首——中間只隔了一千天。  倫敦塔 · 1078 年至今  安妮·博林在 1533 年從倫敦塔出發、遊行至西敏寺加冕為后,1560,27,0,4,9,40,1994,20114
17937984216323901,2026-08-08,2026-08-04,REELS,https://www.instagram.com/reel/Dbng8E4EalF/,她在這座塔加冕成為王后，也在這裡被丈夫斬首——中間只隔了一千天。  倫敦塔 · 1078 年至今  安妮·博林在 1533 年從倫敦塔出發、遊行至西敏寺加冕為后,1639,27,0,4,9,40,2103,20398
17937984216323901,2026-08-09,2026-08-04,REELS,https://www.instagram.com/reel/Dbng8E4EalF/,她在這座塔加冕成為王后，也在這裡被丈夫斬首——中間只隔了一千天。  倫敦塔 · 1078 年至今  安妮·博林在 1533 年從倫敦塔出發、遊行至西敏寺加冕為后,1751,27,0,4,9,40,2222,20229
17937984216323901,2026-08-10,2026-08-04,REELS,https://www.instagram.com/reel/Dbng8E4EalF/,她在這座塔加冕成為王后，也在這裡被丈夫斬首——中間只隔了一千天。  倫敦塔 · 1078 年至今  安妮·博林在 1533 年從倫敦塔出發、遊行至西敏寺加冕為后,1784,27,0,4,9,40,2270,20256
18124035913723782,2026-08-05,2026-08-05,CAROUSEL_ALBUM,https://www.instagram.com/p/Dbo1UT7io1V/,原子彈幾乎在它的正上方爆炸，整座城市被夷為平地——偏偏是離爆心最近的它，一直站到今天。  答案藏在爆炸的角度裡。但讓它留到今天的，不是結構，而是一個十六歲少女的,22,2,0,0,0,2,,
18124035913723782,2026-08-06,2026-08-05,CAROUSEL_ALBUM,https://www.instagram.com/p/Dbo1UT7io1V/,原子彈幾乎在它的正上方爆炸，整座城市被夷為平地——偏偏是離爆心最近的它，一直站到今天。  答案藏在爆炸的角度裡。但讓它留到今天的，不是結構，而是一個十六歲少女的,52,4,0,1,1,6,,
18124035913723782,2026-08-07,2026-08-05,CAROUSEL_ALBUM,https://www.instagram.com/p/Dbo1UT7io1V/,原子彈幾乎在它的正上方爆炸，整座城市被夷為平地——偏偏是離爆心最近的它，一直站到今天。  答案藏在爆炸的角度裡。但讓它留到今天的，不是結構，而是一個十六歲少女的,60,5,0,1,1,7,,
18124035913723782,2026-08-08,2026-08-05,CAROUSEL_ALBUM,https://www.instagram.com/p/Dbo1UT7io1V/,原子彈幾乎在它的正上方爆炸，整座城市被夷為平地——偏偏是離爆心最近的它，一直站到今天。  答案藏在爆炸的角度裡。但讓它留到今天的，不是結構，而是一個十六歲少女的,62,5,0,1,1,7,,
18124035913723782,2026-08-09,2026-08-05,CAROUSEL_ALBUM,https://www.instagram.com/p/Dbo1UT7io1V/,原子彈幾乎在它的正上方爆炸，整座城市被夷為平地——偏偏是離爆心最近的它，一直站到今天。  答案藏在爆炸的角度裡。但讓它留到今天的，不是結構，而是一個十六歲少女的,67,5,0,1,1,7,,
18124035913723782,2026-08-10,2026-08-05,CAROUSEL_ALBUM,https://www.instagram.com/p/Dbo1UT7io1V/,原子彈幾乎在它的正上方爆炸，整座城市被夷為平地——偏偏是離爆心最近的它，一直站到今天。  答案藏在爆炸的角度裡。但讓它留到今天的，不是結構，而是一個十六歲少女的,68,5,0,1,1,7,,
18124035913723782,2026-08-11,2026-08-05,CAROUSEL_ALBUM,https://www.instagram.com/p/Dbo1UT7io1V/,原子彈幾乎在它的正上方爆炸，整座城市被夷為平地——偏偏是離爆心最近的它，一直站到今天。  答案藏在爆炸的角度裡。但讓它留到今天的，不是結構，而是一個十六歲少女的,68,5,0,1,1,7,,
18629203936046150,2026-08-05,2026-08-05,REELS,https://www.instagram.com/reel/DbqFumoD7ml/,原子彈幾乎在它的正上方爆炸，整個廣島瞬間被夷為平地——偏偏是離爆心最近的它，一直站到今天。  廣島原爆圓頂 · 昭和20年（1945）  原子彈在這棟樓頭頂近乎,2068,50,2,9,0,61,2490,17352
18629203936046150,2026-08-06,2026-08-05,REELS,https://www.instagram.com/reel/DbqFumoD7ml/,原子彈幾乎在它的正上方爆炸，整個廣島瞬間被夷為平地——偏偏是離爆心最近的它，一直站到今天。  廣島原爆圓頂 · 昭和20年（1945）  原子彈在這棟樓頭頂近乎,6866,158,6,24,25,216,8592,19759
18629203936046150,2026-08-07,2026-08-05,REELS,https://www.instagram.com/reel/DbqFumoD7ml/,原子彈幾乎在它的正上方爆炸，整個廣島瞬間被夷為平地——偏偏是離爆心最近的它，一直站到今天。  廣島原爆圓頂 · 昭和20年（1945）  原子彈在這棟樓頭頂近乎,9096,217,14,27,38,300,11527,20998
18629203936046150,2026-08-08,2026-08-05,REELS,https://www.instagram.com/reel/DbqFumoD7ml/,原子彈幾乎在它的正上方爆炸，整個廣島瞬間被夷為平地——偏偏是離爆心最近的它，一直站到今天。  廣島原爆圓頂 · 昭和20年（1945）  原子彈在這棟樓頭頂近乎,9732,250,17,33,46,350,12349,21237
18629203936046150,2026-08-09,2026-08-05,REELS,https://www.instagram.com/reel/DbqFumoD7ml/,原子彈幾乎在它的正上方爆炸，整個廣島瞬間被夷為平地——偏偏是離爆心最近的它，一直站到今天。  廣島原爆圓頂 · 昭和20年（1945）  原子彈在這棟樓頭頂近乎,10214,265,19,33,46,367,13139,21466
18629203936046150,2026-08-10,2026-08-05,REELS,https://www.instagram.com/reel/DbqFumoD7ml/,原子彈幾乎在它的正上方爆炸，整個廣島瞬間被夷為平地——偏偏是離爆心最近的它，一直站到今天。  廣島原爆圓頂 · 昭和20年（1945）  原子彈在這棟樓頭頂近乎,10281,271,19,33,47,374,13312,21498
18629203936046150,2026-08-11,2026-08-05,REELS,https://www.instagram.com/reel/DbqFumoD7ml/,原子彈幾乎在它的正上方爆炸，整個廣島瞬間被夷為平地——偏偏是離爆心最近的它，一直站到今天。  廣島原爆圓頂 · 昭和20年（1945）  原子彈在這棟樓頭頂近乎,10427,274,19,34,47,378,13486,21498
17939698743325326,2026-08-06,2026-08-06,CAROUSEL_ALBUM,https://www.instagram.com/p/Dbrj1oVCgv2/,1718年，二十八歲的皇太子死在牢裡——下令用刑、到場主持審訊的，是他的父親彼得大帝。  這對父子之間隔著的不是恨，是一座城。兒子八歲時失去母親，被交給父親挑的,29,1,0,2,2,5,,
17939698743325326,2026-08-07,2026-08-06,CAROUSEL_ALBUM,https://www.instagram.com/p/Dbrj1oVCgv2/,1718年，二十八歲的皇太子死在牢裡——下令用刑、到場主持審訊的，是他的父親彼得大帝。  這對父子之間隔著的不是恨，是一座城。兒子八歲時失去母親，被交給父親挑的,38,1,0,2,2,5,,
17939698743325326,2026-08-08,2026-08-06,CAROUSEL_ALBUM,https://www.instagram.com/p/Dbrj1oVCgv2/,1718年，二十八歲的皇太子死在牢裡——下令用刑、到場主持審訊的，是他的父親彼得大帝。  這對父子之間隔著的不是恨，是一座城。兒子八歲時失去母親，被交給父親挑的,44,1,0,2,2,5,,
17939698743325326,2026-08-09,2026-08-06,CAROUSEL_ALBUM,https://www.instagram.com/p/Dbrj1oVCgv2/,1718年，二十八歲的皇太子死在牢裡——下令用刑、到場主持審訊的，是他的父親彼得大帝。  這對父子之間隔著的不是恨，是一座城。兒子八歲時失去母親，被交給父親挑的,54,1,0,2,2,5,,
17939698743325326,2026-08-10,2026-08-06,CAROUSEL_ALBUM,https://www.instagram.com/p/Dbrj1oVCgv2/,1718年，二十八歲的皇太子死在牢裡——下令用刑、到場主持審訊的，是他的父親彼得大帝。  這對父子之間隔著的不是恨，是一座城。兒子八歲時失去母親，被交給父親挑的,54,1,0,2,2,5,,
17939698743325326,2026-08-11,2026-08-06,CAROUSEL_ALBUM,https://www.instagram.com/p/Dbrj1oVCgv2/,1718年，二十八歲的皇太子死在牢裡——下令用刑、到場主持審訊的，是他的父親彼得大帝。  這對父子之間隔著的不是恨，是一座城。兒子八歲時失去母親，被交給父親挑的,54,1,0,2,2,5,,
17939698743325326,2026-08-12,2026-08-06,CAROUSEL_ALBUM,https://www.instagram.com/p/Dbrj1oVCgv2/,1718年，二十八歲的皇太子死在牢裡——下令用刑、到場主持審訊的，是他的父親彼得大帝。  這對父子之間隔著的不是恨，是一座城。兒子八歲時失去母親，被交給父親挑的,55,1,0,2,2,5,,
17981335974026336,2026-08-06,2026-08-06,REELS,https://www.instagram.com/reel/DbsqhrqlhrS/,1718年，二十八歲的皇太子死在牢裡——下令用刑、到場主持審訊的，是他的父親彼得大帝。  聖彼得堡 · 1703 年建城  阿列克謝二十八歲那年死在彼得保羅要塞,452,8,0,0,0,8,555,14448
17981335974026336,2026-08-07,2026-08-06,REELS,https://www.instagram.com/reel/DbsqhrqlhrS/,1718年，二十八歲的皇太子死在牢裡——下令用刑、到場主持審訊的，是他的父親彼得大帝。  聖彼得堡 · 1703 年建城  阿列克謝二十八歲那年死在彼得保羅要塞,589,9,0,0,1,10,702,13956
17981335974026336,2026-08-08,2026-08-06,REELS,https://www.instagram.com/reel/DbsqhrqlhrS/,1718年，二十八歲的皇太子死在牢裡——下令用刑、到場主持審訊的，是他的父親彼得大帝。  聖彼得堡 · 1703 年建城  阿列克謝二十八歲那年死在彼得保羅要塞,608,10,0,0,1,11,728,14094
17981335974026336,2026-08-09,2026-08-06,REELS,https://www.instagram.com/reel/DbsqhrqlhrS/,1718年，二十八歲的皇太子死在牢裡——下令用刑、到場主持審訊的，是他的父親彼得大帝。  聖彼得堡 · 1703 年建城  阿列克謝二十八歲那年死在彼得保羅要塞,624,11,0,0,1,12,743,14023
17981335974026336,2026-08-10,2026-08-06,REELS,https://www.instagram.com/reel/DbsqhrqlhrS/,1718年，二十八歲的皇太子死在牢裡——下令用刑、到場主持審訊的，是他的父親彼得大帝。  聖彼得堡 · 1703 年建城  阿列克謝二十八歲那年死在彼得保羅要塞,630,11,0,0,1,12,752,14025
17981335974026336,2026-08-11,2026-08-06,REELS,https://www.instagram.com/reel/DbsqhrqlhrS/,1718年，二十八歲的皇太子死在牢裡——下令用刑、到場主持審訊的，是他的父親彼得大帝。  聖彼得堡 · 1703 年建城  阿列克謝二十八歲那年死在彼得保羅要塞,631,11,0,0,1,12,753,14009
17981335974026336,2026-08-12,2026-08-06,REELS,https://www.instagram.com/reel/DbsqhrqlhrS/,1718年，二十八歲的皇太子死在牢裡——下令用刑、到場主持審訊的，是他的父親彼得大帝。  聖彼得堡 · 1703 年建城  阿列克謝二十八歲那年死在彼得保羅要塞,631,11,0,0,1,12,753,14009
17862978279641723,2026-08-07,2026-08-07,CAROUSEL_ALBUM,https://www.instagram.com/p/Dbt--XLClH9/,這個王朝在兩百五十年裡蓋了一萬多座佛塔，然後亡了——滅掉它的不是外敵，正是這一萬多座塔。  在蒲甘，捐給寺院的土地永遠免稅，捐得越多，來世越好。到1280年，上,28,2,0,0,0,2,,
17862978279641723,2026-08-08,2026-08-07,CAROUSEL_ALBUM,https://www.instagram.com/p/Dbt--XLClH9/,這個王朝在兩百五十年裡蓋了一萬多座佛塔，然後亡了——滅掉它的不是外敵，正是這一萬多座塔。  在蒲甘，捐給寺院的土地永遠免稅，捐得越多，來世越好。到1280年，上,36,2,0,0,0,2,,
17862978279641723,2026-08-09,2026-08-07,CAROUSEL_ALBUM,https://www.instagram.com/p/Dbt--XLClH9/,這個王朝在兩百五十年裡蓋了一萬多座佛塔，然後亡了——滅掉它的不是外敵，正是這一萬多座塔。  在蒲甘，捐給寺院的土地永遠免稅，捐得越多，來世越好。到1280年，上,46,2,0,0,0,2,,
17862978279641723,2026-08-10,2026-08-07,CAROUSEL_ALBUM,https://www.instagram.com/p/Dbt--XLClH9/,這個王朝在兩百五十年裡蓋了一萬多座佛塔，然後亡了——滅掉它的不是外敵，正是這一萬多座塔。  在蒲甘，捐給寺院的土地永遠免稅，捐得越多，來世越好。到1280年，上,50,3,0,0,2,5,,
17862978279641723,2026-08-11,2026-08-07,CAROUSEL_ALBUM,https://www.instagram.com/p/Dbt--XLClH9/,這個王朝在兩百五十年裡蓋了一萬多座佛塔，然後亡了——滅掉它的不是外敵，正是這一萬多座塔。  在蒲甘，捐給寺院的土地永遠免稅，捐得越多，來世越好。到1280年，上,50,3,0,0,2,5,,
17862978279641723,2026-08-12,2026-08-07,CAROUSEL_ALBUM,https://www.instagram.com/p/Dbt--XLClH9/,這個王朝在兩百五十年裡蓋了一萬多座佛塔，然後亡了——滅掉它的不是外敵，正是這一萬多座塔。  在蒲甘，捐給寺院的土地永遠免稅，捐得越多，來世越好。到1280年，上,50,3,0,0,2,5,,
17862978279641723,2026-08-13,2026-08-07,CAROUSEL_ALBUM,https://www.instagram.com/p/Dbt--XLClH9/,這個王朝在兩百五十年裡蓋了一萬多座佛塔，然後亡了——滅掉它的不是外敵，正是這一萬多座塔。  在蒲甘，捐給寺院的土地永遠免稅，捐得越多，來世越好。到1280年，上,52,3,0,0,2,5,,
17980664580107666,2026-08-07,2026-08-07,REELS,https://www.instagram.com/reel/DbvQb6oFRBM/,這個王朝在兩百五十年裡蓋了一萬多座佛塔，然後亡了——滅掉它的不是外敵，正是這一萬多座塔。  蒲甘 · 蒲甘王朝（1044–1297）  伊洛瓦底江畔的平原上，兩,1297,31,0,3,2,36,1643,18206
17980664580107666,2026-08-08,2026-08-07,REELS,https://www.instagram.com/reel/DbvQb6oFRBM/,這個王朝在兩百五十年裡蓋了一萬多座佛塔，然後亡了——滅掉它的不是外敵，正是這一萬多座塔。  蒲甘 · 蒲甘王朝（1044–1297）  伊洛瓦底江畔的平原上，兩,2648,66,0,12,8,86,3233,17775
17980664580107666,2026-08-09,2026-08-07,REELS,https://www.instagram.com/reel/DbvQb6oFRBM/,這個王朝在兩百五十年裡蓋了一萬多座佛塔，然後亡了——滅掉它的不是外敵，正是這一萬多座塔。  蒲甘 · 蒲甘王朝（1044–1297）  伊洛瓦底江畔的平原上，兩,3032,79,0,13,9,101,3762,17646
17980664580107666,2026-08-10,2026-08-07,REELS,https://www.instagram.com/reel/DbvQb6oFRBM/,這個王朝在兩百五十年裡蓋了一萬多座佛塔，然後亡了——滅掉它的不是外敵，正是這一萬多座塔。  蒲甘 · 蒲甘王朝（1044–1297）  伊洛瓦底江畔的平原上，兩,3094,79,0,14,9,102,3833,17695
17980664580107666,2026-08-11,2026-08-07,REELS,https://www.instagram.com/reel/DbvQb6oFRBM/,這個王朝在兩百五十年裡蓋了一萬多座佛塔，然後亡了——滅掉它的不是外敵，正是這一萬多座塔。  蒲甘 · 蒲甘王朝（1044–1297）  伊洛瓦底江畔的平原上，兩,3094,79,0,13,9,101,3841,17670
17980664580107666,2026-08-12,2026-08-07,REELS,https://www.instagram.com/reel/DbvQb6oFRBM/,這個王朝在兩百五十年裡蓋了一萬多座佛塔，然後亡了——滅掉它的不是外敵，正是這一萬多座塔。  蒲甘 · 蒲甘王朝（1044–1297）  伊洛瓦底江畔的平原上，兩,3094,79,0,13,9,101,3841,17670
17980664580107666,2026-08-13,2026-08-07,REELS,https://www.instagram.com/reel/DbvQb6oFRBM/,這個王朝在兩百五十年裡蓋了一萬多座佛塔，然後亡了——滅掉它的不是外敵，正是這一萬多座塔。  蒲甘 · 蒲甘王朝（1044–1297）  伊洛瓦底江畔的平原上，兩,3168,80,0,13,9,102,3922,18185
18085532792459273,2026-08-08,2026-08-08,CAROUSEL_ALBUM,https://www.instagram.com/p/DbwkQdTCuDw/,朝鮮王朝最後一位公主十三歲被送往日本，三十七年後回到這座宮殿時，已經誰都認不得——她在宮裡最角落的一間小屋，住到過世。  德惠翁主是高宗最小的女兒，1925年以,50,1,0,0,0,1,,
18085532792459273,2026-08-09,2026-08-08,CAROUSEL_ALBUM,https://www.instagram.com/p/DbwkQdTCuDw/,朝鮮王朝最後一位公主十三歲被送往日本，三十七年後回到這座宮殿時，已經誰都認不得——她在宮裡最角落的一間小屋，住到過世。  德惠翁主是高宗最小的女兒，1925年以,84,2,0,0,0,2,,
18085532792459273,2026-08-10,2026-08-08,CAROUSEL_ALBUM,https://www.instagram.com/p/DbwkQdTCuDw/,朝鮮王朝最後一位公主十三歲被送往日本，三十七年後回到這座宮殿時，已經誰都認不得——她在宮裡最角落的一間小屋，住到過世。  德惠翁主是高宗最小的女兒，1925年以,101,2,0,0,0,2,,
18085532792459273,2026-08-11,2026-08-08,CAROUSEL_ALBUM,https://www.instagram.com/p/DbwkQdTCuDw/,朝鮮王朝最後一位公主十三歲被送往日本，三十七年後回到這座宮殿時，已經誰都認不得——她在宮裡最角落的一間小屋，住到過世。  德惠翁主是高宗最小的女兒，1925年以,103,2,0,0,0,2,,
18085532792459273,2026-08-12,2026-08-08,CAROUSEL_ALBUM,https://www.instagram.com/p/DbwkQdTCuDw/,朝鮮王朝最後一位公主十三歲被送往日本，三十七年後回到這座宮殿時，已經誰都認不得——她在宮裡最角落的一間小屋，住到過世。  德惠翁主是高宗最小的女兒，1925年以,104,2,0,0,0,2,,
18085532792459273,2026-08-13,2026-08-08,CAROUSEL_ALBUM,https://www.instagram.com/p/DbwkQdTCuDw/,朝鮮王朝最後一位公主十三歲被送往日本，三十七年後回到這座宮殿時，已經誰都認不得——她在宮裡最角落的一間小屋，住到過世。  德惠翁主是高宗最小的女兒，1925年以,108,2,0,0,0,2,,
18085532792459273,2026-08-14,2026-08-08,CAROUSEL_ALBUM,https://www.instagram.com/p/DbwkQdTCuDw/,朝鮮王朝最後一位公主十三歲被送往日本，三十七年後回到這座宮殿時，已經誰都認不得——她在宮裡最角落的一間小屋，住到過世。  德惠翁主是高宗最小的女兒，1925年以,108,2,0,0,0,2,,
18113721388950919,2026-08-09,2026-08-08,CAROUSEL_ALBUM,https://www.instagram.com/p/DbzFMeBDn2E/,他自己搬進沒人管的石窟，清了半輩子的沙。死後一百年，他被記成把敦煌賣掉的那個人。  王圓籙，1851年生於湖北麻城，一個四處化緣的道士。他一路走到敦煌，在荒廢了,79,4,0,2,0,6,,
18113721388950919,2026-08-10,2026-08-08,CAROUSEL_ALBUM,https://www.instagram.com/p/DbzFMeBDn2E/,他自己搬進沒人管的石窟，清了半輩子的沙。死後一百年，他被記成把敦煌賣掉的那個人。  王圓籙，1851年生於湖北麻城，一個四處化緣的道士。他一路走到敦煌，在荒廢了,85,4,0,2,0,6,,
18113721388950919,2026-08-11,2026-08-08,CAROUSEL_ALBUM,https://www.instagram.com/p/DbzFMeBDn2E/,他自己搬進沒人管的石窟，清了半輩子的沙。死後一百年，他被記成把敦煌賣掉的那個人。  王圓籙，1851年生於湖北麻城，一個四處化緣的道士。他一路走到敦煌，在荒廢了,89,5,0,2,0,7,,
18113721388950919,2026-08-12,2026-08-08,CAROUSEL_ALBUM,https://www.instagram.com/p/DbzFMeBDn2E/,他自己搬進沒人管的石窟，清了半輩子的沙。死後一百年，他被記成把敦煌賣掉的那個人。  王圓籙，1851年生於湖北麻城，一個四處化緣的道士。他一路走到敦煌，在荒廢了,94,6,0,2,0,8,,
18113721388950919,2026-08-13,2026-08-08,CAROUSEL_ALBUM,https://www.instagram.com/p/DbzFMeBDn2E/,他自己搬進沒人管的石窟，清了半輩子的沙。死後一百年，他被記成把敦煌賣掉的那個人。  王圓籙，1851年生於湖北麻城，一個四處化緣的道士。他一路走到敦煌，在荒廢了,99,7,0,2,0,9,,
18113721388950919,2026-08-14,2026-08-08,CAROUSEL_ALBUM,https://www.instagram.com/p/DbzFMeBDn2E/,他自己搬進沒人管的石窟，清了半輩子的沙。死後一百年，他被記成把敦煌賣掉的那個人。  王圓籙，1851年生於湖北麻城，一個四處化緣的道士。他一路走到敦煌，在荒廢了,99,7,0,2,0,9,,
18123293416699089,2026-08-08,2026-08-08,REELS,https://www.instagram.com/reel/Dbx0MiliCJd/,朝鮮王朝最後一位公主十三歲被送往日本，三十七年後回到這座宮殿時，已經誰都認不得——她在宮裡最角落的一間小屋，住到過世。  昌德宮 · 朝鮮王朝（創建於 1405,3032,37,0,6,1,44,3672,19538
18123293416699089,2026-08-09,2026-08-08,REELS,https://www.instagram.com/reel/Dbx0MiliCJd/,朝鮮王朝最後一位公主十三歲被送往日本，三十七年後回到這座宮殿時，已經誰都認不得——她在宮裡最角落的一間小屋，住到過世。  昌德宮 · 朝鮮王朝（創建於 1405,8092,95,1,17,4,117,10141,20688
18123293416699089,2026-08-10,2026-08-08,REELS,https://www.instagram.com/reel/Dbx0MiliCJd/,朝鮮王朝最後一位公主十三歲被送往日本，三十七年後回到這座宮殿時，已經誰都認不得——她在宮裡最角落的一間小屋，住到過世。  昌德宮 · 朝鮮王朝（創建於 1405,8475,103,1,18,4,127,10579,20602
18123293416699089,2026-08-11,2026-08-08,REELS,https://www.instagram.com/reel/Dbx0MiliCJd/,朝鮮王朝最後一位公主十三歲被送往日本，三十七年後回到這座宮殿時，已經誰都認不得——她在宮裡最角落的一間小屋，住到過世。  昌德宮 · 朝鮮王朝（創建於 1405,8837,103,1,18,4,127,10889,20504
18123293416699089,2026-08-12,2026-08-08,REELS,https://www.instagram.com/reel/Dbx0MiliCJd/,朝鮮王朝最後一位公主十三歲被送往日本，三十七年後回到這座宮殿時，已經誰都認不得——她在宮裡最角落的一間小屋，住到過世。  昌德宮 · 朝鮮王朝（創建於 1405,8934,103,1,18,4,127,11008,20479
18123293416699089,2026-08-13,2026-08-08,REELS,https://www.instagram.com/reel/Dbx0MiliCJd/,朝鮮王朝最後一位公主十三歲被送往日本，三十七年後回到這座宮殿時，已經誰都認不得——她在宮裡最角落的一間小屋，住到過世。  昌德宮 · 朝鮮王朝（創建於 1405,0,103,1,18,4,127,11086,20432
18123293416699089,2026-08-14,2026-08-08,REELS,https://www.instagram.com/reel/Dbx0MiliCJd/,朝鮮王朝最後一位公主十三歲被送往日本，三十七年後回到這座宮殿時，已經誰都認不得——她在宮裡最角落的一間小屋，住到過世。  昌德宮 · 朝鮮王朝（創建於 1405,9097,105,1,18,4,129,11188,20415
18620272798013125,2026-08-09,2026-08-09,REELS,https://www.instagram.com/reel/Db0Y-_WjJpD/,他守了莫高窟一輩子，卻被記成賣掉敦煌的那個人。  莫高窟 · 公元 366 年－14 世紀  王圓籙是個四處化緣的道士，在沒人管的莫高窟住下，清沙修窟。一九〇〇,186,3,0,0,0,3,222,10812
18620272798013125,2026-08-10,2026-08-09,REELS,https://www.instagram.com/reel/Db0Y-_WjJpD/,他守了莫高窟一輩子，卻被記成賣掉敦煌的那個人。  莫高窟 · 公元 366 年－14 世紀  王圓籙是個四處化緣的道士，在沒人管的莫高窟住下，清沙修窟。一九〇〇,223,3,0,0,0,3,265,11374
18620272798013125,2026-08-11,2026-08-09,REELS,https://www.instagram.com/reel/Db0Y-_WjJpD/,他守了莫高窟一輩子，卻被記成賣掉敦煌的那個人。  莫高窟 · 公元 366 年－14 世紀  王圓籙是個四處化緣的道士，在沒人管的莫高窟住下，清沙修窟。一九〇〇,228,3,0,0,0,3,277,11397
18620272798013125,2026-08-12,2026-08-09,REELS,https://www.instagram.com/reel/Db0Y-_WjJpD/,他守了莫高窟一輩子，卻被記成賣掉敦煌的那個人。  莫高窟 · 公元 366 年－14 世紀  王圓籙是個四處化緣的道士，在沒人管的莫高窟住下，清沙修窟。一九〇〇,229,3,0,0,0,3,279,11418
18620272798013125,2026-08-13,2026-08-09,REELS,https://www.instagram.com/reel/Db0Y-_WjJpD/,他守了莫高窟一輩子，卻被記成賣掉敦煌的那個人。  莫高窟 · 公元 366 年－14 世紀  王圓籙是個四處化緣的道士，在沒人管的莫高窟住下，清沙修窟。一九〇〇,234,3,0,0,0,3,287,11580
18620272798013125,2026-08-14,2026-08-09,REELS,https://www.instagram.com/reel/Db0Y-_WjJpD/,他守了莫高窟一輩子，卻被記成賣掉敦煌的那個人。  莫高窟 · 公元 366 年－14 世紀  王圓籙是個四處化緣的道士，在沒人管的莫高窟住下，清沙修窟。一九〇〇,234,3,0,0,0,3,287,11580
18620272798013125,2026-08-15,2026-08-09,REELS,https://www.instagram.com/reel/Db0Y-_WjJpD/,他守了莫高窟一輩子，卻被記成賣掉敦煌的那個人。  莫高窟 · 公元 366 年－14 世紀  王圓籙是個四處化緣的道士，在沒人管的莫高窟住下，清沙修窟。一九〇〇,234,3,0,0,0,3,287,11580
17896116483593143,2026-08-10,2026-08-10,REELS,https://www.instagram.com/reel/Db29tCjmyXn/,這尊大佛的臉被稱作東方蒙娜麗莎，因為它被說成，是中國唯一那位女皇帝的臉。  龍門石窟 · 北魏至唐．西元 493 年起  咸亨三年，皇后武氏施助脂粉錢二萬貫，在,398,5,0,0,0,5,453,9262
17896116483593143,2026-08-11,2026-08-10,REELS,https://www.instagram.com/reel/Db29tCjmyXn/,這尊大佛的臉被稱作東方蒙娜麗莎，因為它被說成，是中國唯一那位女皇帝的臉。  龍門石窟 · 北魏至唐．西元 493 年起  咸亨三年，皇后武氏施助脂粉錢二萬貫，在,567,10,0,0,0,10,633,9477
17896116483593143,2026-08-12,2026-08-10,REELS,https://www.instagram.com/reel/Db29tCjmyXn/,這尊大佛的臉被稱作東方蒙娜麗莎，因為它被說成，是中國唯一那位女皇帝的臉。  龍門石窟 · 北魏至唐．西元 493 年起  咸亨三年，皇后武氏施助脂粉錢二萬貫，在,589,10,0,0,0,10,666,9819
17896116483593143,2026-08-13,2026-08-10,REELS,https://www.instagram.com/reel/Db29tCjmyXn/,這尊大佛的臉被稱作東方蒙娜麗莎，因為它被說成，是中國唯一那位女皇帝的臉。  龍門石窟 · 北魏至唐．西元 493 年起  咸亨三年，皇后武氏施助脂粉錢二萬貫，在,597,11,0,0,0,11,673,9910
17896116483593143,2026-08-14,2026-08-10,REELS,https://www.instagram.com/reel/Db29tCjmyXn/,這尊大佛的臉被稱作東方蒙娜麗莎，因為它被說成，是中國唯一那位女皇帝的臉。  龍門石窟 · 北魏至唐．西元 493 年起  咸亨三年，皇后武氏施助脂粉錢二萬貫，在,597,11,0,0,0,11,673,9910
17896116483593143,2026-08-15,2026-08-10,REELS,https://www.instagram.com/reel/Db29tCjmyXn/,這尊大佛的臉被稱作東方蒙娜麗莎，因為它被說成，是中國唯一那位女皇帝的臉。  龍門石窟 · 北魏至唐．西元 493 年起  咸亨三年，皇后武氏施助脂粉錢二萬貫，在,597,11,0,0,0,11,674,9898
17896116483593143,2026-08-16,2026-08-10,REELS,https://www.instagram.com/reel/Db29tCjmyXn/,這尊大佛的臉被稱作東方蒙娜麗莎，因為它被說成，是中國唯一那位女皇帝的臉。  龍門石窟 · 北魏至唐．西元 493 年起  咸亨三年，皇后武氏施助脂粉錢二萬貫，在,597,11,0,0,0,11,674,9898
18078584444421109,2026-08-10,2026-08-10,CAROUSEL_ALBUM,https://www.instagram.com/p/Db1utLGChnl/,她捐出兩萬貫脂粉錢，在洛陽的山壁上鑿了一尊佛。一千三百年後，人們仍指著那張臉說：那是她。  洛陽城南的龍門，自北魏太和年間就開始在伊河兩岸的崖壁上鑿佛，一鑿四百,150,4,0,0,0,4,,
18078584444421109,2026-08-11,2026-08-10,CAROUSEL_ALBUM,https://www.instagram.com/p/Db1utLGChnl/,她捐出兩萬貫脂粉錢，在洛陽的山壁上鑿了一尊佛。一千三百年後，人們仍指著那張臉說：那是她。  洛陽城南的龍門，自北魏太和年間就開始在伊河兩岸的崖壁上鑿佛，一鑿四百,172,5,0,0,0,5,,
18078584444421109,2026-08-12,2026-08-10,CAROUSEL_ALBUM,https://www.instagram.com/p/Db1utLGChnl/,她捐出兩萬貫脂粉錢，在洛陽的山壁上鑿了一尊佛。一千三百年後，人們仍指著那張臉說：那是她。  洛陽城南的龍門，自北魏太和年間就開始在伊河兩岸的崖壁上鑿佛，一鑿四百,173,5,0,0,0,5,,
18078584444421109,2026-08-13,2026-08-10,CAROUSEL_ALBUM,https://www.instagram.com/p/Db1utLGChnl/,她捐出兩萬貫脂粉錢，在洛陽的山壁上鑿了一尊佛。一千三百年後，人們仍指著那張臉說：那是她。  洛陽城南的龍門，自北魏太和年間就開始在伊河兩岸的崖壁上鑿佛，一鑿四百,183,7,0,0,0,7,,
18078584444421109,2026-08-14,2026-08-10,CAROUSEL_ALBUM,https://www.instagram.com/p/Db1utLGChnl/,她捐出兩萬貫脂粉錢，在洛陽的山壁上鑿了一尊佛。一千三百年後，人們仍指著那張臉說：那是她。  洛陽城南的龍門，自北魏太和年間就開始在伊河兩岸的崖壁上鑿佛，一鑿四百,186,7,0,0,0,7,,
18078584444421109,2026-08-15,2026-08-10,CAROUSEL_ALBUM,https://www.instagram.com/p/Db1utLGChnl/,她捐出兩萬貫脂粉錢，在洛陽的山壁上鑿了一尊佛。一千三百年後，人們仍指著那張臉說：那是她。  洛陽城南的龍門，自北魏太和年間就開始在伊河兩岸的崖壁上鑿佛，一鑿四百,188,7,0,0,0,7,,
18078584444421109,2026-08-16,2026-08-10,CAROUSEL_ALBUM,https://www.instagram.com/p/Db1utLGChnl/,她捐出兩萬貫脂粉錢，在洛陽的山壁上鑿了一尊佛。一千三百年後，人們仍指著那張臉說：那是她。  洛陽城南的龍門，自北魏太和年間就開始在伊河兩岸的崖壁上鑿佛，一鑿四百,188,7,0,0,0,7,,
18074525342373806,2026-08-11,2026-08-11,CAROUSEL_ALBUM,https://www.instagram.com/p/Db4Ra_8ioiL/,每個整點，克拉科夫主廣場上空的號角都會響起——而每一次，它都在同一個音上斷掉。  不是收尾，是斷裂：樂句正往上走，忽然就沒了，像有人把最後一小節剪掉。塔上的號手,14,1,1,1,0,3,,
18074525342373806,2026-08-12,2026-08-11,CAROUSEL_ALBUM,https://www.instagram.com/p/Db4Ra_8ioiL/,每個整點，克拉科夫主廣場上空的號角都會響起——而每一次，它都在同一個音上斷掉。  不是收尾，是斷裂：樂句正往上走，忽然就沒了，像有人把最後一小節剪掉。塔上的號手,18,1,1,1,0,3,,
18074525342373806,2026-08-13,2026-08-11,CAROUSEL_ALBUM,https://www.instagram.com/p/Db4Ra_8ioiL/,每個整點，克拉科夫主廣場上空的號角都會響起——而每一次，它都在同一個音上斷掉。  不是收尾，是斷裂：樂句正往上走，忽然就沒了，像有人把最後一小節剪掉。塔上的號手,21,1,1,1,0,3,,
18074525342373806,2026-08-14,2026-08-11,CAROUSEL_ALBUM,https://www.instagram.com/p/Db4Ra_8ioiL/,每個整點，克拉科夫主廣場上空的號角都會響起——而每一次，它都在同一個音上斷掉。  不是收尾，是斷裂：樂句正往上走，忽然就沒了，像有人把最後一小節剪掉。塔上的號手,23,1,1,1,0,3,,
18074525342373806,2026-08-15,2026-08-11,CAROUSEL_ALBUM,https://www.instagram.com/p/Db4Ra_8ioiL/,每個整點，克拉科夫主廣場上空的號角都會響起——而每一次，它都在同一個音上斷掉。  不是收尾，是斷裂：樂句正往上走，忽然就沒了，像有人把最後一小節剪掉。塔上的號手,23,1,1,1,0,3,,
18074525342373806,2026-08-16,2026-08-11,CAROUSEL_ALBUM,https://www.instagram.com/p/Db4Ra_8ioiL/,每個整點，克拉科夫主廣場上空的號角都會響起——而每一次，它都在同一個音上斷掉。  不是收尾，是斷裂：樂句正往上走，忽然就沒了，像有人把最後一小節剪掉。塔上的號手,23,1,1,1,0,3,,
18074525342373806,2026-08-17,2026-08-11,CAROUSEL_ALBUM,https://www.instagram.com/p/Db4Ra_8ioiL/,每個整點，克拉科夫主廣場上空的號角都會響起——而每一次，它都在同一個音上斷掉。  不是收尾，是斷裂：樂句正往上走，忽然就沒了，像有人把最後一小節剪掉。塔上的號手,24,1,1,1,0,3,,
18111093064811447,2026-08-11,2026-08-11,REELS,https://www.instagram.com/reel/Db5igI3jTGS/,這座城的號角，每個整點都斷在同一個音上——六百多年來，沒有人把它吹完過。  克拉科夫舊城 · 中世紀．西元 1257 年重建  號角每個整點在克拉科夫主廣場上空,172,2,0,0,0,2,199,9828
18111093064811447,2026-08-12,2026-08-11,REELS,https://www.instagram.com/reel/Db5igI3jTGS/,這座城的號角，每個整點都斷在同一個音上——六百多年來，沒有人把它吹完過。  克拉科夫舊城 · 中世紀．西元 1257 年重建  號角每個整點在克拉科夫主廣場上空,193,2,0,0,0,2,220,9717
18111093064811447,2026-08-13,2026-08-11,REELS,https://www.instagram.com/reel/Db5igI3jTGS/,這座城的號角，每個整點都斷在同一個音上——六百多年來，沒有人把它吹完過。  克拉科夫舊城 · 中世紀．西元 1257 年重建  號角每個整點在克拉科夫主廣場上空,197,2,0,0,0,2,224,9572
18111093064811447,2026-08-14,2026-08-11,REELS,https://www.instagram.com/reel/Db5igI3jTGS/,這座城的號角，每個整點都斷在同一個音上——六百多年來，沒有人把它吹完過。  克拉科夫舊城 · 中世紀．西元 1257 年重建  號角每個整點在克拉科夫主廣場上空,197,2,0,0,0,2,224,9572
18111093064811447,2026-08-15,2026-08-11,REELS,https://www.instagram.com/reel/Db5igI3jTGS/,這座城的號角，每個整點都斷在同一個音上——六百多年來，沒有人把它吹完過。  克拉科夫舊城 · 中世紀．西元 1257 年重建  號角每個整點在克拉科夫主廣場上空,197,2,0,0,0,2,226,9491
18111093064811447,2026-08-16,2026-08-11,REELS,https://www.instagram.com/reel/Db5igI3jTGS/,這座城的號角，每個整點都斷在同一個音上——六百多年來，沒有人把它吹完過。  克拉科夫舊城 · 中世紀．西元 1257 年重建  號角每個整點在克拉科夫主廣場上空,197,2,0,0,0,2,226,9491
18111093064811447,2026-08-17,2026-08-11,REELS,https://www.instagram.com/reel/Db5igI3jTGS/,這座城的號角，每個整點都斷在同一個音上——六百多年來，沒有人把它吹完過。  克拉科夫舊城 · 中世紀．西元 1257 年重建  號角每個整點在克拉科夫主廣場上空,199,2,0,0,0,2,229,9585
17888054283438342,2026-08-12,2026-08-12,REELS,https://www.instagram.com/reel/Db8HSshFStg/,韓戰把這座城的城牆炸成了瓦礫——今天它卻一寸不差地都在。  水原華城 · 朝鮮王朝，1794–1796  韓戰炸毀了水原華城：長安門、蒼龍門全毀，大段城牆倒塌。,285,3,0,0,0,3,337,9245
17888054283438342,2026-08-13,2026-08-12,REELS,https://www.instagram.com/reel/Db8HSshFStg/,韓戰把這座城的城牆炸成了瓦礫——今天它卻一寸不差地都在。  水原華城 · 朝鮮王朝，1794–1796  韓戰炸毀了水原華城：長安門、蒼龍門全毀，大段城牆倒塌。,504,12,0,4,1,18,598,10766
17888054283438342,2026-08-14,2026-08-12,REELS,https://www.instagram.com/reel/Db8HSshFStg/,韓戰把這座城的城牆炸成了瓦礫——今天它卻一寸不差地都在。  水原華城 · 朝鮮王朝，1794–1796  韓戰炸毀了水原華城：長安門、蒼龍門全毀，大段城牆倒塌。,513,12,0,4,1,18,612,10983
17888054283438342,2026-08-15,2026-08-12,REELS,https://www.instagram.com/reel/Db8HSshFStg/,韓戰把這座城的城牆炸成了瓦礫——今天它卻一寸不差地都在。  水原華城 · 朝鮮王朝，1794–1796  韓戰炸毀了水原華城：長安門、蒼龍門全毀，大段城牆倒塌。,520,12,0,4,1,18,620,10991
17888054283438342,2026-08-16,2026-08-12,REELS,https://www.instagram.com/reel/Db8HSshFStg/,韓戰把這座城的城牆炸成了瓦礫——今天它卻一寸不差地都在。  水原華城 · 朝鮮王朝，1794–1796  韓戰炸毀了水原華城：長安門、蒼龍門全毀，大段城牆倒塌。,520,12,0,4,1,18,620,10991
17888054283438342,2026-08-17,2026-08-12,REELS,https://www.instagram.com/reel/Db8HSshFStg/,韓戰把這座城的城牆炸成了瓦礫——今天它卻一寸不差地都在。  水原華城 · 朝鮮王朝，1794–1796  韓戰炸毀了水原華城：長安門、蒼龍門全毀，大段城牆倒塌。,522,12,0,4,1,18,625,11011
17888054283438342,2026-08-18,2026-08-12,REELS,https://www.instagram.com/reel/Db8HSshFStg/,韓戰把這座城的城牆炸成了瓦礫——今天它卻一寸不差地都在。  水原華城 · 朝鮮王朝，1794–1796  韓戰炸毀了水原華城：長安門、蒼龍門全毀，大段城牆倒塌。,522,12,0,4,1,18,625,10994
18023801945902996,2026-08-12,2026-08-12,CAROUSEL_ALBUM,https://www.instagram.com/p/Db9WBwdCgR5/,一五○○年前後，亨比是全世界第二大的城市，只輸給北京。  一五六五年，四個蘇丹國停止內鬥、聯手南下。撐起這一切的統治者羅摩·羅耶被俘斬首，首級填進乾草示眾。首都,0,0,0,0,0,0,,
18023801945902996,2026-08-13,2026-08-12,CAROUSEL_ALBUM,https://www.instagram.com/p/Db9WBwdCgR5/,一五○○年前後，亨比是全世界第二大的城市，只輸給北京。  一五六五年，四個蘇丹國停止內鬥、聯手南下。撐起這一切的統治者羅摩·羅耶被俘斬首，首級填進乾草示眾。首都,25,1,0,0,0,1,,
18023801945902996,2026-08-14,2026-08-12,CAROUSEL_ALBUM,https://www.instagram.com/p/Db9WBwdCgR5/,一五○○年前後，亨比是全世界第二大的城市，只輸給北京。  一五六五年，四個蘇丹國停止內鬥、聯手南下。撐起這一切的統治者羅摩·羅耶被俘斬首，首級填進乾草示眾。首都,28,1,0,0,0,1,,
18023801945902996,2026-08-15,2026-08-12,CAROUSEL_ALBUM,https://www.instagram.com/p/Db9WBwdCgR5/,一五○○年前後，亨比是全世界第二大的城市，只輸給北京。  一五六五年，四個蘇丹國停止內鬥、聯手南下。撐起這一切的統治者羅摩·羅耶被俘斬首，首級填進乾草示眾。首都,29,1,0,0,0,1,,
18023801945902996,2026-08-16,2026-08-12,CAROUSEL_ALBUM,https://www.instagram.com/p/Db9WBwdCgR5/,一五○○年前後，亨比是全世界第二大的城市，只輸給北京。  一五六五年，四個蘇丹國停止內鬥、聯手南下。撐起這一切的統治者羅摩·羅耶被俘斬首，首級填進乾草示眾。首都,29,1,0,0,0,1,,
18023801945902996,2026-08-17,2026-08-12,CAROUSEL_ALBUM,https://www.instagram.com/p/Db9WBwdCgR5/,一五○○年前後，亨比是全世界第二大的城市，只輸給北京。  一五六五年，四個蘇丹國停止內鬥、聯手南下。撐起這一切的統治者羅摩·羅耶被俘斬首，首級填進乾草示眾。首都,33,1,0,0,0,1,,
18023801945902996,2026-08-18,2026-08-12,CAROUSEL_ALBUM,https://www.instagram.com/p/Db9WBwdCgR5/,一五○○年前後，亨比是全世界第二大的城市，只輸給北京。  一五六五年，四個蘇丹國停止內鬥、聯手南下。撐起這一切的統治者羅摩·羅耶被俘斬首，首級填進乾草示眾。首都,33,1,0,0,0,1,,
18244498333309325,2026-08-12,2026-08-12,CAROUSEL_ALBUM,https://www.instagram.com/p/Db63mF0iuPE/,韓戰把水原華城的城牆炸成瓦礫，長安門與蒼龍門全毀。  今天它們卻一寸不差地都在——因為兩百年前，有人把每塊磚的尺寸、每個工匠的名字、每筆工錢，寫進了十卷《華城城,19,2,0,1,0,3,,
18244498333309325,2026-08-13,2026-08-12,CAROUSEL_ALBUM,https://www.instagram.com/p/Db63mF0iuPE/,韓戰把水原華城的城牆炸成瓦礫，長安門與蒼龍門全毀。  今天它們卻一寸不差地都在——因為兩百年前，有人把每塊磚的尺寸、每個工匠的名字、每筆工錢，寫進了十卷《華城城,24,3,0,1,0,4,,
18244498333309325,2026-08-14,2026-08-12,CAROUSEL_ALBUM,https://www.instagram.com/p/Db63mF0iuPE/,韓戰把水原華城的城牆炸成瓦礫，長安門與蒼龍門全毀。  今天它們卻一寸不差地都在——因為兩百年前，有人把每塊磚的尺寸、每個工匠的名字、每筆工錢，寫進了十卷《華城城,26,3,0,1,0,4,,
18244498333309325,2026-08-15,2026-08-12,CAROUSEL_ALBUM,https://www.instagram.com/p/Db63mF0iuPE/,韓戰把水原華城的城牆炸成瓦礫，長安門與蒼龍門全毀。  今天它們卻一寸不差地都在——因為兩百年前，有人把每塊磚的尺寸、每個工匠的名字、每筆工錢，寫進了十卷《華城城,26,3,0,1,0,4,,
18244498333309325,2026-08-16,2026-08-12,CAROUSEL_ALBUM,https://www.instagram.com/p/Db63mF0iuPE/,韓戰把水原華城的城牆炸成瓦礫，長安門與蒼龍門全毀。  今天它們卻一寸不差地都在——因為兩百年前，有人把每塊磚的尺寸、每個工匠的名字、每筆工錢，寫進了十卷《華城城,28,4,0,1,0,5,,
18244498333309325,2026-08-17,2026-08-12,CAROUSEL_ALBUM,https://www.instagram.com/p/Db63mF0iuPE/,韓戰把水原華城的城牆炸成瓦礫，長安門與蒼龍門全毀。  今天它們卻一寸不差地都在——因為兩百年前，有人把每塊磚的尺寸、每個工匠的名字、每筆工錢，寫進了十卷《華城城,29,4,0,1,0,5,,
18244498333309325,2026-08-18,2026-08-12,CAROUSEL_ALBUM,https://www.instagram.com/p/Db63mF0iuPE/,韓戰把水原華城的城牆炸成瓦礫，長安門與蒼龍門全毀。  今天它們卻一寸不差地都在——因為兩百年前，有人把每塊磚的尺寸、每個工匠的名字、每筆工錢，寫進了十卷《華城城,29,4,0,1,0,5,,
17954830488217816,2026-08-13,2026-08-13,CAROUSEL_ALBUM,https://www.instagram.com/p/Db_9_UHirBF/,一個王朝在中爪哇平原蓋起兩百四十座石塔，主塔高四十七公尺。用了不到一百年，就整批走光了。  西元八五六年十一月，一塊石碑記下濕婆神殿落成——為了讓它更壯闊，工匠,0,0,0,0,0,0,,
17954830488217816,2026-08-14,2026-08-13,CAROUSEL_ALBUM,https://www.instagram.com/p/Db_9_UHirBF/,一個王朝在中爪哇平原蓋起兩百四十座石塔，主塔高四十七公尺。用了不到一百年，就整批走光了。  西元八五六年十一月，一塊石碑記下濕婆神殿落成——為了讓它更壯闊，工匠,26,1,0,0,0,1,,
17954830488217816,2026-08-15,2026-08-13,CAROUSEL_ALBUM,https://www.instagram.com/p/Db_9_UHirBF/,一個王朝在中爪哇平原蓋起兩百四十座石塔，主塔高四十七公尺。用了不到一百年，就整批走光了。  西元八五六年十一月，一塊石碑記下濕婆神殿落成——為了讓它更壯闊，工匠,28,1,0,0,0,1,,
17954830488217816,2026-08-16,2026-08-13,CAROUSEL_ALBUM,https://www.instagram.com/p/Db_9_UHirBF/,一個王朝在中爪哇平原蓋起兩百四十座石塔，主塔高四十七公尺。用了不到一百年，就整批走光了。  西元八五六年十一月，一塊石碑記下濕婆神殿落成——為了讓它更壯闊，工匠,29,1,0,0,0,1,,
17954830488217816,2026-08-17,2026-08-13,CAROUSEL_ALBUM,https://www.instagram.com/p/Db_9_UHirBF/,一個王朝在中爪哇平原蓋起兩百四十座石塔，主塔高四十七公尺。用了不到一百年，就整批走光了。  西元八五六年十一月，一塊石碑記下濕婆神殿落成——為了讓它更壯闊，工匠,31,1,0,0,0,1,,
17954830488217816,2026-08-18,2026-08-13,CAROUSEL_ALBUM,https://www.instagram.com/p/Db_9_UHirBF/,一個王朝在中爪哇平原蓋起兩百四十座石塔，主塔高四十七公尺。用了不到一百年，就整批走光了。  西元八五六年十一月，一塊石碑記下濕婆神殿落成——為了讓它更壯闊，工匠,31,1,0,0,0,1,,
17954830488217816,2026-08-19,2026-08-13,CAROUSEL_ALBUM,https://www.instagram.com/p/Db_9_UHirBF/,一個王朝在中爪哇平原蓋起兩百四十座石塔，主塔高四十七公尺。用了不到一百年，就整批走光了。  西元八五六年十一月，一塊石碑記下濕婆神殿落成——為了讓它更壯闊，工匠,33,1,0,0,0,1,,
17963079225155458,2026-08-13,2026-08-13,REELS,https://www.instagram.com/reel/Db-ssa2CjOv/,僅次於北京的世界第二大城，被燒了六個月——然後五百年裡，沒有一個人搬回來。  亨比 · 毗奢耶那伽羅帝國，1336–1565  毗奢耶那伽羅，一五○○年前後被估,352,4,0,1,1,6,423,45140
17963079225155458,2026-08-14,2026-08-13,REELS,https://www.instagram.com/reel/Db-ssa2CjOv/,僅次於北京的世界第二大城，被燒了六個月——然後五百年裡，沒有一個人搬回來。  亨比 · 毗奢耶那伽羅帝國，1336–1565  毗奢耶那伽羅，一五○○年前後被估,544,5,0,2,1,8,642,33013
17963079225155458,2026-08-15,2026-08-13,REELS,https://www.instagram.com/reel/Db-ssa2CjOv/,僅次於北京的世界第二大城，被燒了六個月——然後五百年裡，沒有一個人搬回來。  亨比 · 毗奢耶那伽羅帝國，1336–1565  毗奢耶那伽羅，一五○○年前後被估,573,5,0,2,1,8,680,31837
17963079225155458,2026-08-16,2026-08-13,REELS,https://www.instagram.com/reel/Db-ssa2CjOv/,僅次於北京的世界第二大城，被燒了六個月——然後五百年裡，沒有一個人搬回來。  亨比 · 毗奢耶那伽羅帝國，1336–1565  毗奢耶那伽羅，一五○○年前後被估,573,5,0,2,1,8,680,31837
17963079225155458,2026-08-17,2026-08-13,REELS,https://www.instagram.com/reel/Db-ssa2CjOv/,僅次於北京的世界第二大城，被燒了六個月——然後五百年裡，沒有一個人搬回來。  亨比 · 毗奢耶那伽羅帝國，1336–1565  毗奢耶那伽羅，一五○○年前後被估,577,5,0,2,1,8,684,31660
17963079225155458,2026-08-18,2026-08-13,REELS,https://www.instagram.com/reel/Db-ssa2CjOv/,僅次於北京的世界第二大城，被燒了六個月——然後五百年裡，沒有一個人搬回來。  亨比 · 毗奢耶那伽羅帝國，1336–1565  毗奢耶那伽羅，一五○○年前後被估,577,5,0,2,1,8,685,31608
17963079225155458,2026-08-19,2026-08-13,REELS,https://www.instagram.com/reel/Db-ssa2CjOv/,僅次於北京的世界第二大城，被燒了六個月——然後五百年裡，沒有一個人搬回來。  亨比 · 毗奢耶那伽羅帝國，1336–1565  毗奢耶那伽羅，一五○○年前後被估,579,5,0,2,1,8,687,31629
17902817094325821,2026-08-14,2026-08-14,REELS,https://www.instagram.com/reel/DcBQ91BAEMo/,古馬打蘭王朝蓋了兩百四十座石塔，用不到一百年，就整批走光了。  普蘭巴南 · 古馬打蘭王朝，西元 856 年  拉凱·畢卡丹的王朝蓋起兩百四十座石塔，主塔高四十,244,4,0,1,0,5,289,8553
17902817094325821,2026-08-15,2026-08-14,REELS,https://www.instagram.com/reel/DcBQ91BAEMo/,古馬打蘭王朝蓋了兩百四十座石塔，用不到一百年，就整批走光了。  普蘭巴南 · 古馬打蘭王朝，西元 856 年  拉凱·畢卡丹的王朝蓋起兩百四十座石塔，主塔高四十,377,4,0,3,0,7,425,8382
17902817094325821,2026-08-16,2026-08-14,REELS,https://www.instagram.com/reel/DcBQ91BAEMo/,古馬打蘭王朝蓋了兩百四十座石塔，用不到一百年，就整批走光了。  普蘭巴南 · 古馬打蘭王朝，西元 856 年  拉凱·畢卡丹的王朝蓋起兩百四十座石塔，主塔高四十,393,4,0,3,0,7,446,14056
17902817094325821,2026-08-17,2026-08-14,REELS,https://www.instagram.com/reel/DcBQ91BAEMo/,古馬打蘭王朝蓋了兩百四十座石塔，用不到一百年，就整批走光了。  普蘭巴南 · 古馬打蘭王朝，西元 856 年  拉凱·畢卡丹的王朝蓋起兩百四十座石塔，主塔高四十,398,4,0,3,0,7,451,14004
17902817094325821,2026-08-18,2026-08-14,REELS,https://www.instagram.com/reel/DcBQ91BAEMo/,古馬打蘭王朝蓋了兩百四十座石塔，用不到一百年，就整批走光了。  普蘭巴南 · 古馬打蘭王朝，西元 856 年  拉凱·畢卡丹的王朝蓋起兩百四十座石塔，主塔高四十,400,4,0,3,0,7,452,13994
17902817094325821,2026-08-19,2026-08-14,REELS,https://www.instagram.com/reel/DcBQ91BAEMo/,古馬打蘭王朝蓋了兩百四十座石塔，用不到一百年，就整批走光了。  普蘭巴南 · 古馬打蘭王朝，西元 856 年  拉凱·畢卡丹的王朝蓋起兩百四十座石塔，主塔高四十,402,4,0,3,0,7,454,14013
18099640693990190,2026-08-15,2026-08-15,CAROUSEL_ALBUM,https://www.instagram.com/p/DcClaPZivCi/,十六世紀的日本，全世界三分之一的白銀從這一座山出去。而在山裡挖銀的人，活到三十歲要辦一場慶祝——因為那已經算長壽。  一五二六年，博多商人神屋壽禎找到了石見銀山,21,2,0,0,0,2,,
18099640693990190,2026-08-16,2026-08-15,CAROUSEL_ALBUM,https://www.instagram.com/p/DcClaPZivCi/,十六世紀的日本，全世界三分之一的白銀從這一座山出去。而在山裡挖銀的人，活到三十歲要辦一場慶祝——因為那已經算長壽。  一五二六年，博多商人神屋壽禎找到了石見銀山,28,2,0,0,0,2,,
18099640693990190,2026-08-17,2026-08-15,CAROUSEL_ALBUM,https://www.instagram.com/p/DcClaPZivCi/,十六世紀的日本，全世界三分之一的白銀從這一座山出去。而在山裡挖銀的人，活到三十歲要辦一場慶祝——因為那已經算長壽。  一五二六年，博多商人神屋壽禎找到了石見銀山,32,2,0,0,0,2,,
18099640693990190,2026-08-18,2026-08-15,CAROUSEL_ALBUM,https://www.instagram.com/p/DcClaPZivCi/,十六世紀的日本，全世界三分之一的白銀從這一座山出去。而在山裡挖銀的人，活到三十歲要辦一場慶祝——因為那已經算長壽。  一五二六年，博多商人神屋壽禎找到了石見銀山,34,2,0,0,0,2,,
18099640693990190,2026-08-19,2026-08-15,CAROUSEL_ALBUM,https://www.instagram.com/p/DcClaPZivCi/,十六世紀的日本，全世界三分之一的白銀從這一座山出去。而在山裡挖銀的人，活到三十歲要辦一場慶祝——因為那已經算長壽。  一五二六年，博多商人神屋壽禎找到了石見銀山,36,2,0,0,0,2,,
18128468491581636,2026-08-15,2026-08-15,REELS,https://www.instagram.com/reel/DcD1w3Uj62B/,挖出全世界三分之一白銀的人，活不到三十歲。  石見銀山 · 1526–1923  石見銀山曾撐起全世界三分之一的白銀供應：一六○○年代初，這一座山年產約三十八噸,1178,20,0,2,0,22,1346,19723
18128468491581636,2026-08-16,2026-08-15,REELS,https://www.instagram.com/reel/DcD1w3Uj62B/,挖出全世界三分之一白銀的人，活不到三十歲。  石見銀山 · 1526–1923  石見銀山曾撐起全世界三分之一的白銀供應：一六○○年代初，這一座山年產約三十八噸,1501,24,0,3,0,27,1702,18100
18128468491581636,2026-08-17,2026-08-15,REELS,https://www.instagram.com/reel/DcD1w3Uj62B/,挖出全世界三分之一白銀的人，活不到三十歲。  石見銀山 · 1526–1923  石見銀山曾撐起全世界三分之一的白銀供應：一六○○年代初，這一座山年產約三十八噸,1556,24,0,3,0,27,1775,17760
18128468491581636,2026-08-18,2026-08-15,REELS,https://www.instagram.com/reel/DcD1w3Uj62B/,挖出全世界三分之一白銀的人，活不到三十歲。  石見銀山 · 1526–1923  石見銀山曾撐起全世界三分之一的白銀供應：一六○○年代初，這一座山年產約三十八噸,1560,24,0,3,0,27,1782,17737
18128468491581636,2026-08-19,2026-08-15,REELS,https://www.instagram.com/reel/DcD1w3Uj62B/,挖出全世界三分之一白銀的人，活不到三十歲。  石見銀山 · 1526–1923  石見銀山曾撐起全世界三分之一的白銀供應：一六○○年代初，這一座山年產約三十八噸,1565,24,0,3,0,27,1787,17745
17979942903117221,2026-08-16,2026-08-16,REELS,https://www.instagram.com/reel/DcGacasjjuT/,宣告帝國萬世的那塊石頭，如今只剩十個字。  泰山 · 前219 至今  秦始皇在西元前二一九年登上泰山，命丞相李斯刻石二百二十二字，向天地宣告天下一統。十三年後,1440,20,0,1,2,23,1792,14351
17979942903117221,2026-08-17,2026-08-16,REELS,https://www.instagram.com/reel/DcGacasjjuT/,宣告帝國萬世的那塊石頭，如今只剩十個字。  泰山 · 前219 至今  秦始皇在西元前二一九年登上泰山，命丞相李斯刻石二百二十二字，向天地宣告天下一統。十三年後,2418,54,0,6,2,62,2937,14497
17979942903117221,2026-08-18,2026-08-16,REELS,https://www.instagram.com/reel/DcGacasjjuT/,宣告帝國萬世的那塊石頭，如今只剩十個字。  泰山 · 前219 至今  秦始皇在西元前二一九年登上泰山，命丞相李斯刻石二百二十二字，向天地宣告天下一統。十三年後,2501,57,0,8,2,67,3062,14606
17979942903117221,2026-08-19,2026-08-16,REELS,https://www.instagram.com/reel/DcGacasjjuT/,宣告帝國萬世的那塊石頭，如今只剩十個字。  泰山 · 前219 至今  秦始皇在西元前二一九年登上泰山，命丞相李斯刻石二百二十二字，向天地宣告天下一統。十三年後,2587,58,0,9,2,69,3170,16670
18100128323624763,2026-08-16,2026-08-16,CAROUSEL_ALBUM,https://www.instagram.com/p/DcFKOM4Ci_g/,西元前二一九年，秦始皇登上泰山，命丞相李斯刻石宣告天下一統。十三年後，秦朝就亡了。  那塊石頭上刻了二百二十二個字：北、東、西三面是始皇的詔書一百四十四字，南面,26,2,0,0,0,2,,
18100128323624763,2026-08-17,2026-08-16,CAROUSEL_ALBUM,https://www.instagram.com/p/DcFKOM4Ci_g/,西元前二一九年，秦始皇登上泰山，命丞相李斯刻石宣告天下一統。十三年後，秦朝就亡了。  那塊石頭上刻了二百二十二個字：北、東、西三面是始皇的詔書一百四十四字，南面,38,2,0,0,0,2,,
18100128323624763,2026-08-18,2026-08-16,CAROUSEL_ALBUM,https://www.instagram.com/p/DcFKOM4Ci_g/,西元前二一九年，秦始皇登上泰山，命丞相李斯刻石宣告天下一統。十三年後，秦朝就亡了。  那塊石頭上刻了二百二十二個字：北、東、西三面是始皇的詔書一百四十四字，南面,40,2,0,0,0,2,,
18100128323624763,2026-08-19,2026-08-16,CAROUSEL_ALBUM,https://www.instagram.com/p/DcFKOM4Ci_g/,西元前二一九年，秦始皇登上泰山，命丞相李斯刻石宣告天下一統。十三年後，秦朝就亡了。  那塊石頭上刻了二百二十二個字：北、東、西三面是始皇的詔書一百四十四字，南面,43,2,0,0,0,2,,
17892800784602907,2026-08-17,2026-08-17,CAROUSEL_ALBUM,https://www.instagram.com/p/DcHv0w8CsDb/,一八八九年，一道雷把北京天壇的祈年殿燒成焦土。清廷隔年動工重建，一路蓋到一八九六年才完工——七年裡最難的，從來不是把它蓋回三十八公尺高，而是殿裡那二十八根楠木柱,67,2,0,0,4,6,,
17892800784602907,2026-08-18,2026-08-17,CAROUSEL_ALBUM,https://www.instagram.com/p/DcHv0w8CsDb/,一八八九年，一道雷把北京天壇的祈年殿燒成焦土。清廷隔年動工重建，一路蓋到一八九六年才完工——七年裡最難的，從來不是把它蓋回三十八公尺高，而是殿裡那二十八根楠木柱,74,2,0,0,4,6,,
17892800784602907,2026-08-19,2026-08-17,CAROUSEL_ALBUM,https://www.instagram.com/p/DcHv0w8CsDb/,一八八九年，一道雷把北京天壇的祈年殿燒成焦土。清廷隔年動工重建，一路蓋到一八九六年才完工——七年裡最難的，從來不是把它蓋回三十八公尺高，而是殿裡那二十八根楠木柱,79,3,0,0,4,7,,
18626575117063747,2026-08-17,2026-08-17,REELS,https://www.instagram.com/reel/DcI_bxTDCNF/,一場雷火燒掉的，是一座照著天空蓋出來的曆法。  天壇 · 明永樂十八年（1420）— 清光緒二十二年（1896）  光緒十五年一道雷，把三十八公尺高的祈年殿燒成,766,17,0,2,0,20,903,13062
18626575117063747,2026-08-18,2026-08-17,REELS,https://www.instagram.com/reel/DcI_bxTDCNF/,一場雷火燒掉的，是一座照著天空蓋出來的曆法。  天壇 · 明永樂十八年（1420）— 清光緒二十二年（1896）  光緒十五年一道雷，把三十八公尺高的祈年殿燒成,1825,31,1,4,6,44,2066,15141
18626575117063747,2026-08-19,2026-08-17,REELS,https://www.instagram.com/reel/DcI_bxTDCNF/,一場雷火燒掉的，是一座照著天空蓋出來的曆法。  天壇 · 明永樂十八年（1420）— 清光緒二十二年（1896）  光緒十五年一道雷，把三十八公尺高的祈年殿燒成,1912,32,1,4,6,45,2161,15033
18005107106976710,2026-08-18,2026-08-18,CAROUSEL_ALBUM,https://www.instagram.com/p/DcKWiEjClDL/,一二四八年八月十五日，科隆大主教康拉德為一箱骸骨立下奠基石——那是一一六四年隨腓特烈一世攻陷米蘭後，被運回科隆、認定屬於東方三博士的遺骨。朝聖者從此絡繹不絕，舊,22,5,0,2,0,7,,
18005107106976710,2026-08-19,2026-08-18,CAROUSEL_ALBUM,https://www.instagram.com/p/DcKWiEjClDL/,一二四八年八月十五日，科隆大主教康拉德為一箱骸骨立下奠基石——那是一一六四年隨腓特烈一世攻陷米蘭後，被運回科隆、認定屬於東方三博士的遺骨。朝聖者從此絡繹不絕，舊,26,5,0,2,2,9,,
18084337349481236,2026-08-18,2026-08-18,REELS,https://www.instagram.com/reel/DcLkJL0mFqk/,為一箱骸骨動土的那一代科隆人，沒有一個活到教堂蓋完。  科隆大教堂 · 1248–1880  康拉德大主教在一二四八年為一箱骸骨立下奠基石——那是隨腓特烈一世攻,195,2,0,0,0,2,227,6690
18084337349481236,2026-08-19,2026-08-18,REELS,https://www.instagram.com/reel/DcLkJL0mFqk/,為一箱骸骨動土的那一代科隆人，沒有一個活到教堂蓋完。  科隆大教堂 · 1248–1880  康拉德大主教在一二四八年為一箱骸骨立下奠基石——那是隨腓特烈一世攻,594,7,0,1,0,9,680,11770
18119624908921210,2026-08-19,2026-08-19,REELS,https://www.instagram.com/reel/DcOJGAiFS6t/,大伽倻王墳底下的三十二具石棺，裡面沒有一個是自然死亡的。  伽倻古墳群 · 5–6 世紀（大伽倻）  池山洞四十四號墳直徑二十七公尺，主室之外還環繞著三十二座石,269,4,0,2,0,7,340,13519
18440813947123543,2026-08-19,2026-08-19,CAROUSEL_ALBUM,https://www.instagram.com/p/DcM41lgirE3/,一座直徑二十七公尺的墳丘底下，除了墓主，還排著三十二具石棺——裡面的人，沒有一個是自然死亡的。  韓國高靈池山洞四十四號墳，五世紀後半的大伽倻王陵。一九七七年打,30,1,0,0,0,1,,
